{
  "format_version": "1.8.0",
  "minecraft:client_entity": {
    "description": {
      "identifier": "cka:camera",
      "materials": { "default": "translucence" },
      "textures": {
        "default": "textures/entity/camera"      },
      "animations": {
        "tvtrinitron_posing_0": "animation.tvtrinitron.posing_0",
        "tvtrinitron_posing_1": "animation.tvtrinitron.posing_1"
      },
      "animation_controllers": [
        { "tvtrinitron_pose_0": "controller.animation.tvtrinitron.pose_0" },
        { "tvtrinitron_pose_1": "controller.animation.tvtrinitron.pose_1" }
      ],
      "geometry": {
        "default": "geometry.camera"
      },
      "spawn_egg": {
        "texture": "camera",
        "texture_index": 74
      },
      "render_controllers": [ "controller.render.cka" ]
    }
  }
}