{
  "format_version": "1.10.0",
  "minecraft:client_entity": {
    "description": {
      "identifier": "cka:cursed_sonic",
      "materials": {
        "default": "skeleton"
      },
      "textures": {
        "default": "textures/entity/cursed_sonic"
      },
      "geometry": {
        "default": "geometry.cursed_sonic"
      },
      "animations": {
        "moving": "animation.cursed_sonic.walk",
        "cursed_sonic_general": "animation.cursed_sonic.base",
        "attacking": "animation.cursed_sonic.attack",
        "look_at_target": "animation.default.look_at_target",

        "move": "controller.animation.cursed_sonic.move",
        "general": "controller.animation.cursed_sonic.general",
        "attack": "controller.animation.cursed_sonic.attack"
      },
      "scripts": {
        "animate": [
          "move", "general", "attack"
        ],
        "pre_animation": [
          "variable.attack = Math.sin(variable.attack_time * 10.0);"
        ]
      },
      "render_controllers": [ "controller.render.cka" ],
      "spawn_egg": {
        "base_color": "#ffaec3d4",
        "overlay_color": "#ff000018"
      }
    }
  }
}