{
  "format_version": "1.10.0",
  "minecraft:client_entity": {
    "description": {
      "identifier": "cka:demon",
      "materials": {
        "default": "skeleton"
      },
      "textures": {
        "default": "textures/entity/demon"
      },
      "geometry": {
        "default": "geometry.demon"
      },
      "animations": {
        "moving": "animation.mrnoseybonk.walk",
        "demon_general": "animation.demon.general",
        "attacking": "animation.mrnoseybonk.attack",
        "look_at_target": "animation.default.look_at_target",

        "move": "controller.animation.mrnoseybonk.move",
        "general": "controller.animation.demon.general",
        "attack": "controller.animation.mrnoseybonk.attack"
      },
      "scripts": {
        "animate": [
          "move", "general", "attack"
        ],
        "pre_animation": [
          "variable.attack = Math.sin(variable.attack_time * 10.0);"
        ]
      },
      "render_controllers": [ "controller.render.cka" ],
      "spawn_egg": {
        "base_color": "#141414",
        "overlay_color": "#393939"
      }
    }
  }
}