{
  "format_version": "1.10.0",
  "minecraft:client_entity": {
    "description": {
      "identifier": "cka:ickbarr",
      "materials": {
        "default": "skeleton"
      },
      "textures": {
        "default": "textures/entity/ickbarr"
      },
      "geometry": {
        "default": "geometry.ickbarr"
      },
      "animations": {
        "moving": "animation.ickbarr.walk",
        "ickbarr_general": "animation.ickbarr.base",
        "attacking": "animation.ickbarr.attack",
        "look_at_target": "animation.default.look_at_target",

        "move": "controller.animation.ickbarr.move",
        "general": "controller.animation.ickbarr.general",
        "attack": "controller.animation.ickbarr.attack"
      },
      "scripts": {
        "animate": [
          "move", "general", "attack"
        ],
        "pre_animation": [
          "variable.attack = Math.sin(variable.attack_time * 10.0);"
        ]
      },
      "render_controllers": [ "controller.render.cka" ]
    }
  }
}