{
  "format_version": "1.10.0",
  "minecraft:client_entity": {
    "description": {
      "identifier": "cka:ickbarr_sit",
      "materials": {
        "default": "skeleton"
      },
      "textures": {
        "default": "textures/entity/ickbarr"
      },
      "geometry": {
        "default": "geometry.ickbarr_sit"
      },
      "animations": {
        "moving": "animation.ickbarr_sit.walk",
        "ickbarr_general": "animation.ickbarr_sit.base",
        "attacking": "animation.ickbarr_sit.attack",
        "look_at_target": "animation.common.look_at_target",

        "move": "controller.animation.ickbarr_sit.move",
        "general": "controller.animation.ickbarr_sit.general",
        "attack": "controller.animation.ickbarr_sit.attack"
      },
      "scripts": {
        "animate": [
          "move", "general", "attack"
        ],
        "pre_animation": [
          "variable.attack = Math.sin(variable.attack_time * 10.0);"
        ]
      },
      "render_controllers": [ "controller.render.cka" ],
      "spawn_egg": {
        "base_color": "#ff151115",
        "overlay_color": "#ff004c00"
      }
    }
  }
}