{
  "format_version": "1.10.0",
  "minecraft:client_entity": {
    "description": {
      "identifier": "cka:john",
      "materials": {
        "default": "skeleton"
      },
      "textures": {
        "default": "textures/entity/john"
      },
      "geometry": {
        "default": "geometry.john"
      },
      "animations": {
        "moving": "animation.john.walk",
        "john_general": "animation.john.base",
        "attacking": "animation.john.attack",
        "look_at_target": "animation.default.look_at_target",

        "move": "controller.animation.john.move",
        "general": "controller.animation.john.general",
        "attack": "controller.animation.john.attack"
      },
      "scripts": {
        "animate": [
          "move", "general", "attack"
        ],
        "pre_animation": [
          "variable.attack = Math.sin(variable.attack_time * 10.0);"
        ]
      },
      "render_controllers": [ "controller.render.cka" ],
      "spawn_egg": {
        "base_color": "#ff090809",
        "overlay_color": "#ffffffd4"
      }
    }
  }
}