{
  "format_version": "1.8.0",
  "minecraft:client_entity": {
    "description": {
      "identifier": "cka:little_baby",
      "materials": { "default": "bat" },
      "textures": {
        "default": "textures/entity/little_baby"
      },
      "geometry": {
        "default": "geometry.little_baby"
      },
      "render_controllers": [ "controller.render.cka" ],
         "spawn_egg": {
         "base_color": "#fff7f4f6",
        "overlay_color": "#ffbe9354"
      }
    }
  }
}
