{
  "format_version": "1.8.0",
  "minecraft:client_entity": {
    "description": {
      "identifier": "cka:noseybonk_creatures",
      "materials": {
	    "default": "phantom"
	  },
      "textures": {
        "default": "textures/entity/facing"
      },
      "geometry": {
        "default": "geometry.facing"
      },
      "spawn_egg": {
        "texture": "facing",
        "texture_index": 0
      },
      "render_controllers": [ "controller.render.skeleton" ]
    }
  }
}