{
  "format_version": "1.10.0",
  "minecraft:client_entity": {
    "description": {
      "identifier": "cka:pig_bonk_evil",
      "materials": {
        "default": "skeleton"
      },
      "textures": {
        "default": "textures/entity/pig_bonk"
      },
      "geometry": {
        "default": "geometry.pig_bonk"
      },
      "animations": {
        "moving": "animation.pig_bonk.walk",
        "pig_bonk_general": "animation.pig_bonk.base",
        "attacking": "animation.pig_bonk.attack",
        "look_at_target": "animation.common.look_at_target",

        "move": "controller.animation.pig_bonk.move",
        "general": "controller.animation.pig_bonk.general",
        "attack": "controller.animation.pig_bonk.attack"
      },
      "scripts": {
        "animate": [
          "move", "general", "attack"
        ],
        "pre_animation": [
          "variable.attack = Math.sin(variable.attack_time * 10.0);"
        ]
      },
      "render_controllers": [ "controller.render.cka" ]
    }
  }
}