{
  "format_version": "1.10.0",
  "minecraft:client_entity": {
    "description": {
      "identifier": "cka:soup",
      "materials": {
        "default": "skeleton"
      },
      "textures": {
        "default": "textures/entity/soup"
      },
      "geometry": {
        "default": "geometry.soup"
      },
      "animations": {
        "moving": "animation.soup.walk",
        "soup_general": "animation.soup.base",
        "attacking": "animation.soup.attack",
        "look_at_target": "animation.default.look_at_target",

        "move": "controller.animation.soup.move",
        "general": "controller.animation.soup.general",
        "attack": "controller.animation.soup.attack"
      },
      "scripts": {
        "animate": [
          "move", "general", "attack"
        ],
        "pre_animation": [
          "variable.attack = Math.sin(variable.attack_time * 10.0);"
        ]
      },
      "render_controllers": [ "controller.render.cka" ],
      "spawn_egg": {
        "base_color": "#ff131114",
        "overlay_color": "#ffb0bdc8"
      }
    }
  }
}