{"format_version":"1.10.0","minecraft:client_entity":{"description":{"animations":{"attack":"animation.slenderman.attack","lat":"animation.common.look_at_target","moving":"animation.slenderman.moving"},"geometry":{"default":"geometry.ben"},"identifier":"vuongnhat:cp_ben","materials":{"default":"entity_alphatest"},"render_controllers":["controller.render.test"],"scripts":{"animate":[{"moving":"query.modified_move_speed"},"lat",{"attack":"variable.attack_time > 0"}]},"spawn_egg":{"base_color":"#1C7300","overlay_color":"#000000"},"textures":{"default":"textures/entity/ben"}}}}