{"format_version":"1.10.0","minecraft:client_entity":{"description":{"animations":{"attack":"animation.slenderman.attack","lat":"animation.common.look_at_target","moving":"animation.slenderman.moving"},"geometry":{"default":"geometry.humanoid"},"identifier":"vuongnhat:cp_herobrine","materials":{"default":"entity_alphatest"},"render_controllers":["controller.render.test"],"scripts":{"animate":[{"moving":"query.modified_move_speed"},"lat",{"attack":"variable.attack_time > 0"}]},"spawn_egg":{"base_color":"#008FC3","overlay_color":"#FFFFFF"},"textures":{"default":"textures/entity/herobrine"}}}}