{"format_version":"1.10.0","minecraft:client_entity":{"description":{"animations":{"attack":"animation.slenderman.attack","lat":"animation.common.look_at_target","moving":"animation.slenderman.moving"},"geometry":{"default":"geometry.jane"},"identifier":"vuongnhat:jane","materials":{"default":"entity_alphatest"},"render_controllers":["controller.render.test"],"scripts":{"animate":[{"moving":"query.modified_move_speed"},"lat",{"attack":"variable.attack_time == 0.1"}]},"spawn_egg":{"base_color":"#8B8B8B","overlay_color":"#8B8B8B"},"textures":{"default":"textures/entity/jane"}}}}