{"format_version":"1.10.0","minecraft:client_entity":{"description":{"animations":{"attack":"animation.slenderman.attack","lat":"animation.common.look_at_target","moving":"animation.slenderman.moving"},"geometry":{"default":"geometry.jeff"},"identifier":"vuongnhat:jeff","materials":{"default":"entity_alphatest"},"render_controllers":["controller.render.test"],"scripts":{"animate":[{"moving":"query.modified_move_speed"},"lat",{"attack":"variable.attack_time > 0"}]},"spawn_egg":{"base_color":"#DADADA","overlay_color":"#FF0000"},"textures":{"default":"textures/entity/jeff"}}}}