{"animations":{"animation.slenderman.attack":{"animation_length":0.25,"bones":{"rightArm":{"rotation":{"0.0":[0,0,0],"0.0833":[-30,0,-30],"0.25":[-30,0,-30]}}},"loop":true},"animation.slenderman.base":{"animation_length":1.4,"bones":{"tech1":{"rotation":{"0.0":[0,0,0],"0.25":[0,-10,0],"0.5":[0,30,0],"1.4":[0,0,0]}},"tech2":{"rotation":{"0.0":[0,0,0],"0.25":[0,10,0],"0.5":[0,-30,0],"1.4":[0,0,0]}},"tech3":{"rotation":{"0.0":[0,0,0],"0.25":[0,10,0],"0.5":[0,-30,0],"1.4":[0,0,0]}},"tech4":{"rotation":{"0.0":[0,0,0],"0.25":[0,-10,0],"0.5":[0,30,0],"1.4":[0,0,0]}},"tech5":{"rotation":{"0.0":[0,0,0],"0.25":[0,-10,0],"0.5":[0,30,0],"1.4":[0,0,0]}},"tech6":{"rotation":{"0.0":[0,0,0],"0.25":[0,10,0],"0.5":[0,-30,0],"1.4":[0,0,0]}}},"loop":true},"animation.slenderman.moving":{"animation_length":0.96,"bones":{"leftArm":{"position":[0,0,0],"rotation":{"0.0":[0,0,0],"0.25":[-15,0,0],"0.5":[0,0,0],"0.7083":[15,0,0],"0.9583":[0,0,0]}},"leftLeg":{"rotation":{"0.0":[0,0,0],"0.25":[15,0,0],"0.5":[0,0,0],"0.7083":[-15,0,0],"0.9583":[0,0,0]}},"rightArm":{"rotation":{"0.0":[0,0,0],"0.25":[15,0,0],"0.5":[0,0,0],"0.7083":[-15,0,0],"0.9583":[0,0,0]}},"rightLeg":{"rotation":{"0.0":[0,0,0],"0.25":[-15,0,0],"0.5":[0,0,0],"0.7083":[15,0,0],"0.9583":[0,0,0]}}},"loop":true}},"format_version":"1.8.0"}