{
	"format_version": "1.12.0",
	"minecraft:geometry": [
		{
			"description": {
				"identifier": "geometry.barionette",
				"texture_width": 64,
				"texture_height": 64,
				"visible_bounds_width": 3,
				"visible_bounds_height": 3,
				"visible_bounds_offset": [0, 0, 0]
			},
			"bones": [
				{
					"name": "head",
					"pivot": [0, 24, 0],
					"mirror": true,
					"cubes": [
						{"origin": [-4, 20, -4], "size": [8, 8, 8], "uv": [0, 0], "mirror": false}
					]
				},
				{
					"name": "body",
					"pivot": [0, 24, 0],
					"mirror": true,
					"cubes": [
						{"origin": [-4, 14, -2], "size": [8, 7, 4], "inflate": -0.5, "uv": [20, 24], "mirror": false},
						{"origin": [-4, 9, -2], "size": [8, 8, 4], "inflate": -0.8, "uv": [0, 16], "mirror": false}
					]
				},
				{
					"name": "leftArm",
					"pivot": [-5, 22, 0],
					"mirror": true,
					"cubes": [
						{"origin": [-28, 24, -2], "size": [4, 12, 4], "inflate": -1, "pivot": [-22, 15, 0], "rotation": [0, 0, 90], "uv": [32, 35], "mirror": false}
					]
				},
				{
					"name": "rightArm",
					"pivot": [5, 22, 0],
					"mirror": true,
					"cubes": [
						{"origin": [24, 24, -2], "size": [4, 12, 4], "inflate": -1, "pivot": [22, 15, 0], "rotation": [0, 0, -90], "uv": [16, 35], "mirror": false}
					]
				},
				{
					"name": "leftLeg",
					"pivot": [-1.9, 12, 0],
					"mirror": true,
					"cubes": [
						{"origin": [-3.9, -1, -2], "size": [4, 12, 4], "inflate": -1, "uv": [32, 35], "mirror": false}
					]
				},
				{
					"name": "rightLeg",
					"pivot": [1.9, 12, 0],
					"mirror": true,
					"cubes": [
						{"origin": [-0.1, -1, -2], "size": [4, 12, 4], "inflate": -1, "uv": [16, 35], "mirror": false}
					]
				}
			]
		}
	]
}