{
	"format_version": "1.10.0",
	"geometry.bonk_mask": {
		"texturewidth": 32,
		"textureheight": 32,
		"visible_bounds_width": 4,
		"visible_bounds_height": 4,
		"visible_bounds_offset": [0, 0, 0],
		"bones": [
			{
				"name": "statue",
				"pivot": [0, -1, 0]
			},
			{
				"name": "body",
				"parent": "statue",
				"pivot": [0, 30, 0]
			},
			{
				"name": "left_leg",
				"parent": "body",
				"pivot": [3, 21, 0],
				"reset": true,
				"mirror": true
			},
			{
				"name": "right_leg",
				"parent": "body",
				"pivot": [-3, 21, -1],
				"reset": true
			},
			{
				"name": "left_arm",
				"parent": "body",
				"pivot": [4, 32, -1],
				"rotation": [0, 0, 165],
				"reset": true,
				"mirror": true
			},
			{
				"name": "right_arm",
				"parent": "body",
				"pivot": [-5, 33, 0],
				"rotation": [0, 0, -165],
				"reset": true
			},
			{
				"name": "head",
				"parent": "body",
				"pivot": [0, 27, 0],
				"cubes": [
					{"origin": [-3, 23, -5], "size": [6, 8, 3], "uv": [0, 0]},
					{"origin": [-1, 26, -12], "size": [2, 2, 7], "uv": [0, 11]},
					{"origin": [-4, 25, -6], "size": [2, 2, 2], "uv": [19, 8]},
					{"origin": [2, 25, -6], "size": [2, 2, 2], "uv": [18, 4]},
					{"origin": [-1, 23.8, -5.2], "size": [2, 1.5, 2], "uv": [8, 20]},
					{"origin": [-1.45, 23.8, -5.9], "size": [2.9, 1.5, 2], "uv": [0, 20], "inflate": -0.6},
					{"origin": [1, 28, -6], "size": [2, 2, 2], "uv": [18, 0], "inflate": -0.2},
					{"origin": [-3, 28, -6], "size": [2, 2, 2], "uv": [18, 0], "inflate": -0.2}
				]
			},
			{
				"name": "bone3",
				"parent": "head",
				"pivot": [-3, -13, 0],
				"rotation": [0, 0, 15],
				"cubes": [
					{"origin": [-13.00309, 23.08209, -5.9], "size": [3, 1.5, 2], "uv": [11, 14], "inflate": -0.6}
				]
			},
			{
				"name": "bone4",
				"parent": "bone3",
				"pivot": [-3, -13, 0],
				"rotation": [0, 0, -30],
				"cubes": [
					{"origin": [9.79865, 21.52917, -5.9], "size": [3, 1.5, 2], "uv": [11, 11], "inflate": -0.6}
				]
			},
			{
				"name": "bone2",
				"parent": "head",
				"pivot": [-3, -13, 0],
				"rotation": [0, 0, -15],
				"cubes": [
					{"origin": [10.38824, 21.51079, -5.2], "size": [2, 1.5, 2], "uv": [8, 20]}
				]
			},
			{
				"name": "bone",
				"parent": "head",
				"pivot": [-3, -13, 0],
				"rotation": [0, 0, 20],
				"cubes": [
					{"origin": [-15.70696, 22.26473, -5.2], "size": [2, 1.5, 2], "uv": [8, 20]}
				]
			},
			{
				"name": "head",
				"pivot": [0, 24, 0],
				"mirror": true
			},
			{
				"name": "body",
				"pivot": [0, 24, 0],
				"mirror": true
			},
			{
				"name": "leftArm",
				"pivot": [-5, 22, 0],
				"mirror": true
			},
			{
				"name": "rightArm",
				"pivot": [5, 22, 0],
				"mirror": true
			},
			{
				"name": "leftLeg",
				"pivot": [-1.9, 12, 0],
				"mirror": true
			},
			{
				"name": "rightLeg",
				"pivot": [1.9, 12, 0],
				"mirror": true
			}
		]
	}
}