{
	"format_version": "1.12.0",
	"minecraft:geometry": [
		{
			"description": {
				"identifier": "geometry.bowl",
				"texture_width": 64,
				"texture_height": 64,
				"visible_bounds_width": 3,
				"visible_bounds_height": 3,
				"visible_bounds_offset": [0, -0.5, 0]
			},
			"bones": [
				{
					"name": "head",
					"pivot": [0, 26, 0],
					"mirror": true,
					"cubes": [
						{"origin": [-8, 0, -8], "size": [16, 3, 16], "uv": [0, 45], "mirror": false},
						{"origin": [-8, 3, -8], "size": [16, 3, 16], "uv": [0, 20], "mirror": false},
						{"origin": [4, 5.2, 0], "size": [4, 3, 4], "inflate": -1, "pivot": [8, -15, 4], "rotation": [-10, 0, -15], "uv": [38, 17], "mirror": false},
						{"origin": [-10, 7.2, 1], "size": [4, 3, 3], "inflate": -1, "pivot": [-6, -13, 5], "rotation": [-25, 130, 15], "uv": [50, 48], "mirror": false},
						{"origin": [-8, 6.2, 0], "size": [4, 3, 3], "inflate": -1, "pivot": [-4, -14, 4], "rotation": [-5, 130, 25], "uv": [50, 48], "mirror": false},
						{"origin": [16, 8.2, -13], "size": [4, 3, 3], "inflate": -1, "pivot": [20, -12, -9], "rotation": [-5, 135, -40], "uv": [50, 48], "mirror": false},
						{"origin": [1, 4.2, -12], "size": [4, 4, 4], "inflate": -1.5, "pivot": [5, -15, -8], "rotation": [-10, 55, -15], "uv": [38, 33], "mirror": false},
						{"origin": [3, 4.2, -14], "size": [4, 4, 4], "inflate": -1.5, "pivot": [7, -15, -10], "rotation": [-10, 55, -15], "uv": [38, 33], "mirror": false},
						{"origin": [-14, 4.2, -12], "size": [4, 4, 4], "inflate": -1.5, "pivot": [-10, -15, -8], "rotation": [-10, 55, 15], "uv": [34, 8], "mirror": false},
						{"origin": [0, 5.2, -2], "size": [4, 4, 4], "inflate": -1.5, "pivot": [4, -15, 2], "rotation": [-10, 80, -25], "uv": [34, 8], "mirror": false},
						{"origin": [4, 8.6, -12], "size": [4, 4, 4], "inflate": -1.5, "pivot": [8, -11, -8], "rotation": [-5, 90, -40], "uv": [34, 8], "mirror": false},
						{"origin": [0, 6.2, 1], "size": [4, 4, 4], "inflate": -1.5, "pivot": [4, -14, 5], "rotation": [-5, 50, -25], "uv": [34, 8], "mirror": false},
						{"origin": [4, 15.2, 10], "size": [4, 3, 4], "inflate": -1, "pivot": [8, -5, 14], "rotation": [55, 0, -15], "uv": [38, 17], "mirror": false},
						{"origin": [-4, 10.2, 10], "size": [3, 3, 4], "inflate": -1, "pivot": [-1, -10, 14], "rotation": [40, -25, -35], "uv": [40, 0], "mirror": false},
						{"origin": [8, 10.2, 8], "size": [3, 3, 4], "inflate": -1, "pivot": [11, -10, 12], "rotation": [40, -25, -35], "uv": [40, 0], "mirror": false},
						{"origin": [8, 0, -8], "size": [1, 7, 16], "uv": [0, 41], "mirror": false},
						{"origin": [-4, 0, -3], "size": [1, 7, 16], "pivot": [0, -18, 5], "rotation": [0, 90, 0], "uv": [0, 41], "mirror": false},
						{"origin": [-4, 0, -20], "size": [1, 7, 16], "pivot": [0, -18, -12], "rotation": [0, 90, 0], "uv": [0, 41], "mirror": false},
						{"origin": [-9, 0, -8], "size": [1, 7, 16], "uv": [0, 41], "mirror": false}
					]
				},
				{
					"name": "body",
					"pivot": [0, 24, 0],
					"mirror": true
				},
				{
					"name": "leftArm",
					"pivot": [-5, 22, 0],
					"mirror": true
				},
				{
					"name": "rightArm",
					"pivot": [5, 22, 0],
					"mirror": true
				},
				{
					"name": "leftLeg",
					"pivot": [-1.9, 12, 0],
					"mirror": true
				},
				{
					"name": "rightLeg",
					"pivot": [1.9, 12, 0],
					"mirror": true
				},
				{
					"name": "head2",
					"pivot": [0, 24, 0],
					"mirror": true
				},
				{
					"name": "body2",
					"pivot": [0, 24, 0],
					"mirror": true
				},
				{
					"name": "leftArm2",
					"pivot": [-5, 22, 0],
					"mirror": true
				},
				{
					"name": "rightArm2",
					"pivot": [5, 22, 0],
					"mirror": true
				},
				{
					"name": "leftLeg2",
					"pivot": [-1.9, 12, 0],
					"mirror": true
				},
				{
					"name": "rightLeg2",
					"pivot": [1.9, 12, 0],
					"mirror": true
				},
				{
					"name": "head",
					"pivot": [0, 5, 0],
					"rotation": [-10, 0, 0],
					"mirror": true,
					"cubes": [
						{"origin": [-4, 5, -4], "size": [8, 10, 8], "uv": [0, 0]}
					]
				},
				{
					"name": "nose",
					"parent": "head",
					"pivot": [0, 7, 0],
					"mirror": true,
					"cubes": [
						{"origin": [-1, 4, -6], "size": [2, 4, 2], "uv": [24, 0]}
					]
				},
				{
					"name": "body",
					"pivot": [0, 24, 0],
					"mirror": true
				},
				{
					"name": "leg0",
					"pivot": [2, 12, 0],
					"mirror": true
				},
				{
					"name": "leg1",
					"pivot": [-2, 12, 0],
					"mirror": true
				},
				{
					"name": "arms",
					"pivot": [0, 22, 0],
					"mirror": true
				}
			]
		}
	]
}