{
	"format_version": "1.12.0",
	"minecraft:geometry": [
		{
			"description": {
				"identifier": "geometry.ickbarr2",
				"texture_width": 128,
				"texture_height": 128,
				"visible_bounds_width": 5,
				"visible_bounds_height": 5,
				"visible_bounds_offset": [0, 0, 0]
			},
			"bones": [
				{
					"name": "body",
					"pivot": [1, 26, -3],
					"mirror": true,
					"cubes": [
						{"origin": [-5, 19, -8], "size": [10, 16, 10], "uv": [0, 0], "mirror": false},
						{"origin": [-5, 19, -9.5], "size": [10, 15, 10], "inflate": -1, "uv": [0, 26], "mirror": false},
						{"origin": [5, 20, -8], "size": [1, 13, 10], "uv": [22, 69], "mirror": false},
						{"origin": [-6, 20, -8], "size": [1, 13, 10], "uv": [0, 69], "mirror": false}
					]
				},
				{
					"name": "head",
					"pivot": [0, 41, -2],
					"mirror": true,
					"cubes": [
						{"origin": [-5, 41, -7.5], "size": [9, 9, 9], "inflate": 7, "uv": [36, 54], "mirror": false},
						{"origin": [-6, 38, -11.7], "size": [11, 5, 9], "inflate": 3, "uv": [40, 40], "mirror": false}
					]
				},
				{
					"name": "bone3",
					"parent": "head",
					"pivot": [-14, 24, 4],
					"cubes": [
						{"origin": [6.64332, 91.27926, 20.40053], "size": [3, 5, 1], "inflate": 1, "pivot": [9.64332, 54.27926, 28.10053], "rotation": [55, 0, 35], "uv": [0, 26]},
						{"origin": [-6.80075, 75.56603, 10.98021], "size": [7, 5, 1], "inflate": 1, "pivot": [-3.80075, 38.56603, 18.68021], "rotation": [25, 0, 35], "uv": [27, 54]},
						{"origin": [-19, 53, -3.7], "size": [11, 18, 1], "inflate": 1, "pivot": [-14, 24, 4], "rotation": [0, 0, 35], "uv": [0, 92]}
					]
				},
				{
					"name": "bone4",
					"parent": "head",
					"pivot": [11, 23, 4],
					"rotation": [0, 0, -70],
					"cubes": [
						{"origin": [31.64332, 90.27926, 20.40053], "size": [3, 5, 1], "inflate": 1, "pivot": [34.64332, 53.27926, 28.10053], "rotation": [55, 0, 35], "uv": [0, 0]},
						{"origin": [18.19925, 74.56603, 10.98021], "size": [7, 5, 1], "inflate": 1, "pivot": [21.19925, 37.56603, 18.68021], "rotation": [25, 0, 35], "uv": [30, 0]},
						{"origin": [6, 52, -3.7], "size": [11, 18, 1], "inflate": 1, "pivot": [11, 23, 4], "rotation": [0, 0, 35], "uv": [90, 35]}
					]
				},
				{
					"name": "bone",
					"parent": "head",
					"pivot": [6, 11, -10],
					"cubes": [
						{"origin": [1, 47, -17.1], "size": [5, 7, 9], "inflate": -2, "uv": [88, 68]},
						{"origin": [2, 46, -17.1], "size": [9, 9, 9], "inflate": -2, "uv": [0, 51]},
						{"origin": [2, 46, -19.1], "size": [9, 9, 9], "inflate": -3, "uv": [82, 110]},
						{"origin": [-12, 46, -19.1], "size": [9, 9, 9], "inflate": -3, "uv": [82, 110]},
						{"origin": [3, 51, -17.1], "size": [7, 5, 9], "inflate": -2, "uv": [63, 5]},
						{"origin": [-3.5, 74, -48.9], "size": [6, 5, 9], "inflate": -2, "pivot": [-1, 34, -42], "rotation": [-90, 0, 0], "uv": [96, 4]},
						{"origin": [-3.5, 74, -50.9], "size": [6, 5, 9], "inflate": -2, "pivot": [-1, 34, -44], "rotation": [-90, 0, 0], "uv": [96, 4]},
						{"origin": [-3.5, 74, -52.9], "size": [6, 5, 9], "inflate": -2, "pivot": [-1, 34, -46], "rotation": [-90, 0, 0], "uv": [96, 4]},
						{"origin": [-3.5, 74, -54.9], "size": [6, 5, 9], "inflate": -2, "pivot": [-1, 34, -48], "rotation": [-90, 0, 0], "uv": [96, 4]},
						{"origin": [3, 45, -17.1], "size": [7, 5, 9], "inflate": -2, "uv": [63, 63]},
						{"origin": [7, 47, -17.1], "size": [5, 7, 9], "inflate": -2, "uv": [88, 88]}
					]
				},
				{
					"name": "bone6",
					"parent": "bone",
					"pivot": [7, 8, 0],
					"cubes": [
						{"origin": [5.5, 53, -17.2], "size": [6, 5, 9], "inflate": -2, "uv": [96, 4]},
						{"origin": [1.5, 53, -17.2], "size": [6, 5, 9], "inflate": -2, "uv": [96, 4]},
						{"origin": [3.5, 53, -17.2], "size": [6, 5, 9], "inflate": -2, "uv": [96, 4]}
					]
				},
				{
					"name": "bone7",
					"parent": "bone",
					"pivot": [-7, 8, 0],
					"cubes": [
						{"origin": [-8.5, 53, -17.2], "size": [6, 5, 9], "inflate": -2, "uv": [96, 4]},
						{"origin": [-12.5, 53, -17.2], "size": [6, 5, 9], "inflate": -2, "uv": [96, 4]},
						{"origin": [-10.5, 53, -17.2], "size": [6, 5, 9], "inflate": -2, "uv": [96, 4]}
					]
				},
				{
					"name": "bone5",
					"parent": "head",
					"pivot": [-8, 11, -10],
					"cubes": [
						{"origin": [-13, 47, -17.1], "size": [5, 7, 9], "inflate": -2, "uv": [88, 68]},
						{"origin": [-12, 46, -17.1], "size": [9, 9, 9], "inflate": -2, "uv": [0, 51]},
						{"origin": [-11, 51, -17.1], "size": [7, 5, 9], "inflate": -2, "uv": [63, 5]},
						{"origin": [-11, 45, -17.1], "size": [7, 5, 9], "inflate": -2, "uv": [63, 63]},
						{"origin": [-7, 47, -17.1], "size": [5, 7, 9], "inflate": -2, "uv": [88, 88]}
					]
				},
				{
					"name": "bone2",
					"parent": "head",
					"pivot": [-8, 11, -10]
				},
				{
					"name": "arm0",
					"pivot": [6, 31, -3],
					"mirror": true,
					"cubes": [
						{"origin": [22, 13.5, -6], "size": [5, 17, 6], "inflate": -0.5, "pivot": [13, -2, -3], "rotation": [0, 0, -35], "uv": [44, 72], "mirror": false}
					]
				},
				{
					"name": "arm1",
					"pivot": [-6, 29, -3],
					"mirror": true,
					"cubes": [
						{"origin": [-27, 14.5, -6], "size": [5, 17, 6], "inflate": -0.5, "pivot": [-14, -2, -3], "rotation": [0, 0, 35], "uv": [44, 72], "mirror": false}
					]
				},
				{
					"name": "leg0",
					"pivot": [4, 19, -3],
					"mirror": true,
					"cubes": [
						{"origin": [2.5, 0, -5], "size": [4, 23, 4], "inflate": 0.5, "pivot": [0, 5, -2], "rotation": [0, 0, -5], "uv": [24, 92], "mirror": false}
					]
				},
				{
					"name": "leg1",
					"pivot": [-4, 19, -3],
					"mirror": true,
					"cubes": [
						{"origin": [-6.5, 0, -5], "size": [4, 23, 4], "inflate": 0.5, "pivot": [0, 5, -3], "rotation": [0, 0, 5], "uv": [24, 92], "mirror": false}
					]
				}
			]
		}
	]
}