{
	"format_version": "1.12.0",
	"minecraft:geometry": [
		{
			"description": {
				"identifier": "geometry.ickbarr3",
				"texture_width": 256,
				"texture_height": 256,
				"visible_bounds_width": 5,
				"visible_bounds_height": 6,
				"visible_bounds_offset": [0, 0, 0]
			},
			"bones": [
				{
					"name": "body",
					"pivot": [1, 28, -4],
					"mirror": true,
					"cubes": [
						{"origin": [-5, 19, -8], "size": [10, 16, 10], "uv": [0, 0], "mirror": false},
						{"origin": [-5, 19, -9.5], "size": [10, 15, 10], "inflate": -1, "uv": [0, 26], "mirror": false},
						{"origin": [5, 20, -8], "size": [1, 13, 10], "uv": [76, 39], "mirror": false},
						{"origin": [-6, 20, -8], "size": [1, 13, 10], "uv": [48, 76], "mirror": false}
					]
				},
				{
					"name": "head",
					"pivot": [-1, 41, -3],
					"mirror": true,
					"cubes": [
						{"origin": [-5, 41, -7.5], "size": [9, 9, 9], "inflate": 7, "uv": [63, 67], "mirror": false},
						{"origin": [-6, 40, -18.5], "size": [11, 8, 10], "inflate": -0.5, "uv": [30, 16], "mirror": false},
						{"origin": [-4, 44, -21.5], "size": [7, 7, 7], "inflate": -2.2, "uv": [110, 0], "mirror": false},
						{"origin": [-6, 38, -11.7], "size": [11, 5, 9], "inflate": 3, "uv": [63, 25], "mirror": false}
					]
				},
				{
					"name": "bone8",
					"parent": "head",
					"pivot": [0, 0, 0],
					"cubes": [
						{"origin": [-8.5, 42, -16.8], "size": [4.5, 6, 9], "inflate": -2, "uv": [3, 152]},
						{"origin": [-10.5, 42, -16.8], "size": [4.5, 6, 9], "inflate": -2, "uv": [3, 152]},
						{"origin": [-9.5, 42, -16.8], "size": [4.5, 6, 9], "inflate": -2, "uv": [3, 152]}
					]
				},
				{
					"name": "bone9",
					"parent": "head",
					"pivot": [0, -9, 0],
					"cubes": [
						{"origin": [-8.5, 32.9, -16.8], "size": [4.5, 6, 9], "inflate": -2, "uv": [3, 152]},
						{"origin": [-10.5, 32.9, -16.8], "size": [4.5, 6, 9], "inflate": -2, "uv": [3, 152]},
						{"origin": [-9.5, 32.9, -16.8], "size": [4.5, 6, 9], "inflate": -2, "uv": [3, 152]}
					]
				},
				{
					"name": "bone18",
					"parent": "head",
					"pivot": [3, -9, 0],
					"cubes": [
						{"origin": [-5.5, 32.9, -16.8], "size": [4.5, 6, 9], "inflate": -2, "uv": [3, 152]},
						{"origin": [-7.5, 32.9, -16.8], "size": [4.5, 6, 9], "inflate": -2, "uv": [3, 152]},
						{"origin": [-6.5, 32.9, -16.8], "size": [4.5, 6, 9], "inflate": -2, "uv": [3, 152]}
					]
				},
				{
					"name": "bone19",
					"parent": "head",
					"pivot": [5, -9, 0],
					"cubes": [
						{"origin": [-3.5, 32.9, -16.8], "size": [4.5, 6, 9], "inflate": -2, "uv": [3, 152]},
						{"origin": [-5.5, 32.9, -16.8], "size": [4.5, 6, 9], "inflate": -2, "uv": [3, 152]},
						{"origin": [-4.5, 32.9, -16.8], "size": [4.5, 6, 9], "inflate": -2, "uv": [3, 152]}
					]
				},
				{
					"name": "bone10",
					"parent": "head",
					"pivot": [3, -9, 0]
				},
				{
					"name": "bone11",
					"parent": "head",
					"pivot": [6, -9, 0]
				},
				{
					"name": "bone12",
					"parent": "head",
					"pivot": [9, -9, 0]
				},
				{
					"name": "bone13",
					"parent": "head",
					"pivot": [12, -9, 0]
				},
				{
					"name": "bone15",
					"parent": "head",
					"pivot": [14, 0, 0],
					"cubes": [
						{"origin": [5, 41.9, -16.8], "size": [4.5, 6, 9], "inflate": -2, "uv": [3, 152]},
						{"origin": [4, 41.9, -16.8], "size": [4.5, 6, 9], "inflate": -2, "uv": [3, 152]},
						{"origin": [3, 41.9, -16.8], "size": [4.5, 6, 9], "inflate": -2, "uv": [3, 152]}
					]
				},
				{
					"name": "bone16",
					"parent": "bone15",
					"pivot": [9, -4, -5],
					"cubes": [
						{"origin": [5, 32.9, -16.8], "size": [4.5, 6, 9], "inflate": -2, "uv": [3, 152]},
						{"origin": [4, 32.9, -16.8], "size": [4.5, 6, 9], "inflate": -2, "uv": [3, 152]},
						{"origin": [3, 32.9, -16.8], "size": [4.5, 6, 9], "inflate": -2, "uv": [3, 152]}
					]
				},
				{
					"name": "bone17",
					"parent": "bone15",
					"pivot": [6, -4, -5],
					"cubes": [
						{"origin": [2, 32.9, -16.8], "size": [4.5, 6, 9], "inflate": -2, "uv": [3, 152]},
						{"origin": [1, 32.9, -16.8], "size": [4.5, 6, 9], "inflate": -2, "uv": [3, 152]},
						{"origin": [0, 32.9, -16.8], "size": [4.5, 6, 9], "inflate": -2, "uv": [3, 152]}
					]
				},
				{
					"name": "bone20",
					"parent": "bone15",
					"pivot": [4, -4, -5],
					"cubes": [
						{"origin": [0, 32.9, -16.8], "size": [4.5, 6, 9], "inflate": -2, "uv": [3, 152]},
						{"origin": [-1, 32.9, -16.8], "size": [4.5, 6, 9], "inflate": -2, "uv": [3, 152]},
						{"origin": [-2, 32.9, -16.8], "size": [4.5, 6, 9], "inflate": -2, "uv": [3, 152]}
					]
				},
				{
					"name": "bone14",
					"parent": "head",
					"pivot": [13, -9, 0]
				},
				{
					"name": "bone3",
					"parent": "head",
					"pivot": [-14, 24, 4],
					"cubes": [
						{"origin": [6.64332, 91.27926, 20.40053], "size": [3, 5, 1], "inflate": 1, "pivot": [9.64332, 54.27926, 28.10053], "rotation": [55, 0, 35], "uv": [0, 26]},
						{"origin": [-6.80075, 75.56603, 10.98021], "size": [7, 5, 1], "inflate": 1, "pivot": [-3.80075, 38.56603, 18.68021], "rotation": [25, 0, 35], "uv": [40, 6]},
						{"origin": [-19, 53, -3.7], "size": [11, 18, 1], "inflate": 1, "pivot": [-14, 24, 4], "rotation": [0, 0, 35], "uv": [40, 113]},
						{"origin": [-19, 53, -4.8], "size": [11, 18, 1], "pivot": [-14, 24, 4], "rotation": [0, 0, 35], "uv": [0, 200]},
						{"origin": [6.64332, 90.27926, 19.2], "size": [3, 6, 1], "pivot": [9.64332, 54.27926, 28.10053], "rotation": [55, 0, 35], "uv": [8, 203]},
						{"origin": [-6.80075, 74.56603, 9.8], "size": [7, 6, 1], "pivot": [-3.80075, 38.56603, 18.68021], "rotation": [25, 0, 35], "uv": [0, 206]}
					]
				},
				{
					"name": "bone4",
					"parent": "head",
					"pivot": [12, 23, 4],
					"rotation": [0, 0, -70],
					"cubes": [
						{"origin": [32.64332, 90.27926, 20.40053], "size": [3, 5, 1], "inflate": 1, "pivot": [35.64332, 53.27926, 28.10053], "rotation": [55, 0, 35], "uv": [0, 0]},
						{"origin": [32.64332, 89.27926, 19.2], "size": [3, 6, 1], "pivot": [35.64332, 53.27926, 28.10053], "rotation": [55, 0, 35], "uv": [8, 203]},
						{"origin": [19.19925, 74.56603, 10.98021], "size": [7, 5, 1], "inflate": 1, "pivot": [22.19925, 37.56603, 18.68021], "rotation": [25, 0, 35], "uv": [30, 0]},
						{"origin": [19.19925, 73.56603, 9.8], "size": [7, 6, 1], "pivot": [22.19925, 37.56603, 18.68021], "rotation": [25, 0, 35], "uv": [0, 206]},
						{"origin": [7, 52, -3.7], "size": [11, 18, 1], "inflate": 1, "pivot": [12, 23, 4], "rotation": [0, 0, 35], "uv": [16, 113]},
						{"origin": [7, 52, -4.8], "size": [11, 18, 1], "pivot": [12, 23, 4], "rotation": [0, 0, 35], "uv": [0, 200]}
					]
				},
				{
					"name": "bone",
					"parent": "head",
					"pivot": [6, 11, -10],
					"cubes": [
						{"origin": [2, 46, -17.1], "size": [9, 9, 9], "inflate": -2, "uv": [62, 0]},
						{"origin": [2, 46, -19.1], "size": [9, 9, 9], "inflate": -3.5, "uv": [36, 58]},
						{"origin": [-12, 46, -19.1], "size": [9, 9, 9], "inflate": -3.5, "uv": [0, 51]},
						{"origin": [-3.5, 74, -48.9], "size": [6, 5, 9], "inflate": -2, "pivot": [-1, 34, -42], "rotation": [-90, 0, 0], "uv": [72, 105]},
						{"origin": [-3.5, 74, -50.9], "size": [6, 5, 9], "inflate": -2, "pivot": [-1, 34, -44], "rotation": [-90, 0, 0], "uv": [51, 99]},
						{"origin": [-3.5, 74, -52.9], "size": [6, 5, 9], "inflate": -2, "pivot": [-1, 34, -46], "rotation": [-90, 0, 0], "uv": [21, 99]},
						{"origin": [-3.5, 74, -54.9], "size": [6, 5, 9], "inflate": -2, "pivot": [-1, 34, -48], "rotation": [-90, 0, 0], "uv": [94, 30]}
					]
				},
				{
					"name": "bone6",
					"parent": "bone",
					"pivot": [7, 8, 0],
					"cubes": [
						{"origin": [5.5, 53, -17.2], "size": [6, 5, 9], "inflate": -2, "uv": [0, 92]},
						{"origin": [1.5, 53, -17.2], "size": [6, 5, 9], "inflate": -2, "uv": [91, 76]},
						{"origin": [3.5, 53, -17.2], "size": [6, 5, 9], "inflate": -2, "uv": [91, 91]}
					]
				},
				{
					"name": "bone7",
					"parent": "bone",
					"pivot": [-7, 8, 0],
					"cubes": [
						{"origin": [-8.5, 53, -17.2], "size": [6, 5, 9], "inflate": -2, "uv": [89, 53]},
						{"origin": [-12.5, 53, -17.2], "size": [6, 5, 9], "inflate": -2, "uv": [89, 9]},
						{"origin": [-10.5, 53, -17.2], "size": [6, 5, 9], "inflate": -2, "uv": [70, 85]}
					]
				},
				{
					"name": "bone5",
					"parent": "head",
					"pivot": [-8, 11, -10],
					"cubes": [
						{"origin": [-12, 46, -17.1], "size": [9, 9, 9], "inflate": -2, "uv": [40, 40]}
					]
				},
				{
					"name": "bone2",
					"parent": "head",
					"pivot": [-8, 11, -10]
				},
				{
					"name": "arm0",
					"pivot": [6, 30, -3],
					"mirror": true,
					"cubes": [
						{"origin": [21, 13.5, -6], "size": [6, 17, 6], "inflate": -0.5, "pivot": [13, -2, -3], "rotation": [0, 0, -35], "uv": [24, 76], "mirror": false},
						{"origin": [28, 6.5, -6.7], "size": [3, 5, 3], "inflate": -0.9, "pivot": [11, -2, -3], "rotation": [0, 0, -50], "uv": [90, 67], "mirror": false},
						{"origin": [17, 6.5, -6.7], "size": [3, 4, 3], "inflate": -0.9, "pivot": [0, -2, -3], "rotation": [0, 0, -30], "uv": [62, 18], "mirror": false},
						{"origin": [17, 5.5, -6.7], "size": [3, 5, 3], "inflate": -1.1, "pivot": [0, -2, -3], "rotation": [0, 0, -30], "uv": [27, 51], "mirror": false},
						{"origin": [28, 6.5, -2.3], "size": [3, 5, 3], "inflate": -0.9, "pivot": [11, -2, 1], "rotation": [0, 0, -50], "uv": [89, 0], "mirror": false},
						{"origin": [28, 5.5, -2.3], "size": [3, 6, 3], "inflate": -1.1, "pivot": [11, -2, 1], "rotation": [0, 0, -50], "uv": [56, 0], "mirror": false},
						{"origin": [28, 6.5, -5.3], "size": [3, 5, 3], "inflate": -0.9, "pivot": [11, -2, -2], "rotation": [0, 0, -50], "uv": [67, 39], "mirror": false},
						{"origin": [28, 6.5, -3.7], "size": [3, 5, 3], "inflate": -0.9, "pivot": [11, -2, -1], "rotation": [0, 0, -50], "uv": [63, 58], "mirror": false},
						{"origin": [28, 5.5, -3.7], "size": [3, 6, 3], "inflate": -1.1, "pivot": [11, -2, -1], "rotation": [0, 0, -50], "uv": [27, 51], "mirror": false},
						{"origin": [28, 5.5, -6.7], "size": [3, 6, 3], "inflate": -1.1, "pivot": [11, -2, -4], "rotation": [0, 0, -50], "uv": [27, 51], "mirror": false},
						{"origin": [28, 5.5, -5.3], "size": [3, 6, 3], "inflate": -1.1, "pivot": [11, -2, -2], "rotation": [0, 0, -50], "uv": [27, 51], "mirror": false}
					]
				},
				{
					"name": "leg0",
					"pivot": [4, 19, 0],
					"mirror": true,
					"cubes": [
						{"origin": [2.5, 0, -5], "size": [4, 23, 4], "inflate": 0.5, "pivot": [0, 5, -2], "rotation": [0, 0, -5], "uv": [0, 106], "mirror": false}
					]
				},
				{
					"name": "leg1",
					"pivot": [-3, 19, 0],
					"mirror": true,
					"cubes": [
						{"origin": [-6.5, 0, -5], "size": [4, 23, 4], "inflate": 0.5, "pivot": [0, 5, -3], "rotation": [0, 0, 5], "uv": [102, 105], "mirror": false}
					]
				},
				{
					"name": "arm1",
					"pivot": [-6, 31, -3],
					"rotation": [0, 180, 0],
					"mirror": true,
					"cubes": [
						{"origin": [9, 13.5, -6], "size": [6, 17, 6], "inflate": -0.5, "pivot": [1, -2, -3], "rotation": [0, 0, -35], "uv": [24, 76], "mirror": false},
						{"origin": [16, 6.5, -6.7], "size": [3, 5, 3], "inflate": -0.9, "pivot": [-1, -2, -3], "rotation": [0, 0, -50], "uv": [90, 67], "mirror": false},
						{"origin": [5, 6.5, -2.5], "size": [3, 4, 3], "inflate": -0.9, "pivot": [-12, -2, -3], "rotation": [0, 0, -30], "uv": [62, 18], "mirror": false},
						{"origin": [5, 5.5, -2.5], "size": [3, 5, 3], "inflate": -1.1, "pivot": [-12, -2, -3], "rotation": [0, 0, -30], "uv": [27, 51], "mirror": false},
						{"origin": [16, 6.5, -2.3], "size": [3, 5, 3], "inflate": -0.9, "pivot": [-1, -2, 1], "rotation": [0, 0, -50], "uv": [89, 0], "mirror": false},
						{"origin": [16, 5.5, -2.3], "size": [3, 6, 3], "inflate": -1.1, "pivot": [-1, -2, 1], "rotation": [0, 0, -50], "uv": [56, 0], "mirror": false},
						{"origin": [16, 6.5, -5.3], "size": [3, 5, 3], "inflate": -0.9, "pivot": [-1, -2, -2], "rotation": [0, 0, -50], "uv": [67, 39], "mirror": false},
						{"origin": [16, 6.5, -3.7], "size": [3, 5, 3], "inflate": -0.9, "pivot": [-1, -2, -1], "rotation": [0, 0, -50], "uv": [63, 58], "mirror": false},
						{"origin": [16, 5.5, -3.7], "size": [3, 6, 3], "inflate": -1.1, "pivot": [-1, -2, -1], "rotation": [0, 0, -50], "uv": [27, 51], "mirror": false},
						{"origin": [16, 5.5, -6.7], "size": [3, 6, 3], "inflate": -1.1, "pivot": [-1, -2, -4], "rotation": [0, 0, -50], "uv": [27, 51], "mirror": false},
						{"origin": [16, 5.5, -5.3], "size": [3, 6, 3], "inflate": -1.1, "pivot": [-1, -2, -2], "rotation": [0, 0, -50], "uv": [27, 51], "mirror": false}
					]
				}
			]
		}
	]
}