{
	"format_version": "1.12.0",
	"minecraft:geometry": [
		{
			"description": {
				"identifier": "geometry.ickbarr_sit",
				"texture_width": 128,
				"texture_height": 128,
				"visible_bounds_width": 5,
				"visible_bounds_height": 5,
				"visible_bounds_offset": [0, 0, 0]
			},
			"bones": [
				{
					"name": "head",
					"pivot": [0, 12, 4],
					"mirror": true,
					"cubes": [
						{"origin": [-5, 22, -1.5], "size": [9, 9, 9], "inflate": 7, "uv": [36, 54], "mirror": false},
						{"origin": [-6, 19, -5.7], "size": [11, 5, 9], "inflate": 3, "uv": [40, 40], "mirror": false}
					]
				},
				{
					"name": "bone3",
					"parent": "head",
					"pivot": [-14, 53, 10],
					"rotation": [0, 0, 100],
					"cubes": [
						{"origin": [-4.67015, 104.7526, -3.47342], "size": [3, 5, 1], "inflate": 1, "pivot": [-3.67015, 67.75256, 4.22658], "rotation": [-10, 0, 35], "uv": [0, 26]},
						{"origin": [-10.11173, 100.46807, -0.87071], "size": [7, 5, 1], "inflate": 1, "pivot": [-9.11173, 63.46807, 6.82929], "rotation": [-5, 0, 35], "uv": [27, 54]},
						{"origin": [-19, 82, 2.3], "size": [11, 18, 1], "inflate": 1, "pivot": [-14, 53, 10], "rotation": [0, 0, 35], "uv": [0, 92]}
					]
				},
				{
					"name": "bone4",
					"parent": "head",
					"pivot": [15, 53, 10],
					"rotation": [0, 0, -170],
					"cubes": [
						{"origin": [23.24476, 101.3111, -3.47342], "size": [3, 5, 1], "inflate": 1, "pivot": [30.24476, 64.3111, 4.22658], "rotation": [-10, 0, 35], "uv": [0, 0]},
						{"origin": [18.16488, 98.17376, -0.87071], "size": [7, 5, 1], "inflate": 1, "pivot": [23.16488, 61.17376, 6.82929], "rotation": [-5, 0, 35], "uv": [30, 0]},
						{"origin": [10, 84, 2.3], "size": [11, 16, 1], "inflate": 1, "pivot": [15, 53, 10], "rotation": [0, 0, 35], "uv": [90, 35]}
					]
				},
				{
					"name": "bone",
					"parent": "head",
					"pivot": [6, -8, -4],
					"cubes": [
						{"origin": [1, 28, -11.1], "size": [5, 7, 9], "inflate": -2, "uv": [88, 68]},
						{"origin": [2, 27, -11.1], "size": [9, 9, 9], "inflate": -2, "uv": [0, 51]},
						{"origin": [0.3, 25.3, -13.2], "size": [9, 9, 9], "inflate": -4, "uv": [82, 110]},
						{"origin": [3.7, 25.3, -13.2], "size": [9, 9, 9], "inflate": -4, "uv": [82, 110]},
						{"origin": [-24.3, 35.9, -13.2], "size": [11, 8.43, 9], "inflate": -4, "pivot": [-18, 1, -6], "rotation": [0, 0, 40], "uv": [61, 111]},
						{"origin": [-38.3, 35.9, -13.2], "size": [11, 8.43, 9], "inflate": -4, "pivot": [-32, 1, -6], "rotation": [0, 0, 40], "uv": [61, 111]},
						{"origin": [-36.7, 96.9, -13.2], "size": [11, 8.43, 9], "inflate": -4, "pivot": [-32, 62, -6], "rotation": [0, 0, 140], "uv": [61, 111]},
						{"origin": [-22.7, 96.9, -13.2], "size": [11, 8.43, 9], "inflate": -4, "pivot": [-18, 62, -6], "rotation": [0, 0, 140], "uv": [61, 111]},
						{"origin": [3.7, 28.7, -13.2], "size": [9, 9, 9], "inflate": -4, "uv": [82, 110], "mirror": true},
						{"origin": [0.3, 28.7, -13.2], "size": [9, 9, 9], "inflate": -4, "uv": [82, 110], "mirror": true},
						{"origin": [3, 32, -11.1], "size": [7, 5, 9], "inflate": -2, "uv": [63, 5]},
						{"origin": [-3.5, 32, -10.6], "size": [6, 5, 9], "inflate": -2, "uv": [96, 4]},
						{"origin": [-3.5, 34, -10.6], "size": [6, 5, 9], "inflate": -2, "uv": [96, 4]},
						{"origin": [-3.5, 34, 7.6], "size": [6, 5, 9], "inflate": -2, "uv": [96, 4]},
						{"origin": [-3.5, 32, 7.6], "size": [6, 5, 9], "inflate": -2, "uv": [96, 4]},
						{"origin": [-3.5, 30, 7.6], "size": [6, 5, 9], "inflate": -2, "uv": [96, 4]},
						{"origin": [-3.5, 28, 7.6], "size": [6, 5, 9], "inflate": -2, "uv": [96, 4]},
						{"origin": [-3.5, 26, 7.6], "size": [6, 5, 9], "inflate": -2, "uv": [96, 4]},
						{"origin": [-3.5, 24, 7.6], "size": [6, 5, 9], "inflate": -2, "uv": [96, 4]},
						{"origin": [-3.5, 22, 7.6], "size": [6, 5, 9], "inflate": -2, "uv": [96, 4]},
						{"origin": [-3.5, 20, 7.6], "size": [6, 5, 9], "inflate": -2, "uv": [96, 4]},
						{"origin": [-3.5, 18, 7.6], "size": [6, 5, 9], "inflate": -2, "uv": [96, 4]},
						{"origin": [-3.5, 16, 7.6], "size": [6, 5, 9], "inflate": -2, "uv": [96, 4]},
						{"origin": [-3.5, 14, 7.6], "size": [6, 5, 9], "inflate": -2, "uv": [96, 4]},
						{"origin": [-3.5, 74, -56.1], "size": [6, 5, 9], "inflate": -2, "pivot": [-1, 34, -50], "rotation": [-90, 0, 0], "uv": [96, 4]},
						{"origin": [-3.5, 74, -54.1], "size": [6, 5, 9], "inflate": -2, "pivot": [-1, 34, -48], "rotation": [-90, 0, 0], "uv": [96, 4]},
						{"origin": [-3.5, 74, -52.1], "size": [6, 5, 9], "inflate": -2, "pivot": [-1, 34, -46], "rotation": [-90, 0, 0], "uv": [96, 4]},
						{"origin": [-3.5, 74, -50.1], "size": [6, 5, 9], "inflate": -2, "pivot": [-1, 34, -44], "rotation": [-90, 0, 0], "uv": [96, 4]},
						{"origin": [-3.5, 74, -48.1], "size": [6, 5, 9], "inflate": -2, "pivot": [-1, 34, -42], "rotation": [-90, 0, 0], "uv": [96, 4]},
						{"origin": [-3.5, 74, -46.1], "size": [6, 5, 9], "inflate": -2, "pivot": [-1, 34, -40], "rotation": [-90, 0, 0], "uv": [96, 4]},
						{"origin": [-3.5, 74, -44.1], "size": [6, 5, 9], "inflate": -2, "pivot": [-1, 34, -38], "rotation": [-90, 0, 0], "uv": [96, 4]},
						{"origin": [-3.5, 74, -42.1], "size": [6, 5, 9], "inflate": -2, "pivot": [-1, 34, -36], "rotation": [-90, 0, 0], "uv": [96, 4]},
						{"origin": [-3.5, 74, -40.1], "size": [6, 5, 9], "inflate": -2, "pivot": [-1, 34, -34], "rotation": [-90, 0, 0], "uv": [96, 4]},
						{"origin": [-3.5, 74, -38.1], "size": [6, 5, 9], "inflate": -2, "pivot": [-1, 34, -32], "rotation": [-90, 0, 0], "uv": [96, 4]},
						{"origin": [-3.5, 74, -36.1], "size": [6, 5, 9], "inflate": -2, "pivot": [-1, 34, -30], "rotation": [-90, 0, 0], "uv": [96, 4]},
						{"origin": [-3.5, 55, -36.9], "size": [6, 5, 9], "inflate": -2, "pivot": [-1, 15, -30], "rotation": [-90, 0, 0], "uv": [96, 4]},
						{"origin": [-3.5, 55, -38.9], "size": [6, 5, 9], "inflate": -2, "pivot": [-1, 15, -32], "rotation": [-90, 0, 0], "uv": [96, 4]},
						{"origin": [-3.5, 55, -40.9], "size": [6, 5, 9], "inflate": -2, "pivot": [-1, 15, -34], "rotation": [-90, 0, 0], "uv": [96, 4]},
						{"origin": [-3.5, 55, -42.9], "size": [6, 5, 9], "inflate": -2, "pivot": [-1, 15, -36], "rotation": [-90, 0, 0], "uv": [96, 4]},
						{"origin": [-3.5, 55, -44.9], "size": [6, 5, 9], "inflate": -2, "pivot": [-1, 15, -38], "rotation": [-90, 0, 0], "uv": [96, 4]},
						{"origin": [-3.5, 55, -46.9], "size": [6, 5, 9], "inflate": -2, "pivot": [-1, 15, -40], "rotation": [-90, 0, 0], "uv": [96, 4]},
						{"origin": [-3.5, 55, -48.9], "size": [6, 5, 9], "inflate": -2, "pivot": [-1, 15, -42], "rotation": [-90, 0, 0], "uv": [96, 4]},
						{"origin": [-3.5, 55, -50.9], "size": [6, 5, 9], "inflate": -2, "pivot": [-1, 15, -44], "rotation": [-90, 0, 0], "uv": [96, 4]},
						{"origin": [-3.5, 55, -52.9], "size": [6, 5, 9], "inflate": -2, "pivot": [-1, 15, -46], "rotation": [-90, 0, 0], "uv": [96, 4]},
						{"origin": [-3.5, 55, -54.9], "size": [6, 5, 9], "inflate": -2, "pivot": [-1, 15, -48], "rotation": [-90, 0, 0], "uv": [96, 4]},
						{"origin": [-3.5, 55, -56.9], "size": [6, 5, 9], "inflate": -2, "pivot": [-1, 15, -50], "rotation": [-90, 0, 0], "uv": [96, 4]},
						{"origin": [-3.5, 30, -10.6], "size": [6, 5, 9], "inflate": -2, "uv": [96, 4]},
						{"origin": [-3.5, 28, -10.6], "size": [6, 5, 9], "inflate": -2, "uv": [96, 4]},
						{"origin": [-3.5, 26, -10.6], "size": [6, 5, 9], "inflate": -2, "uv": [96, 4]},
						{"origin": [3, 26, -11.1], "size": [7, 5, 9], "inflate": -2, "uv": [63, 63]},
						{"origin": [7, 28, -11.1], "size": [5, 7, 9], "inflate": -2, "uv": [88, 88]}
					]
				},
				{
					"name": "bone5",
					"parent": "head",
					"pivot": [-8, -8, -4],
					"cubes": [
						{"origin": [-13, 28, -11.1], "size": [5, 7, 9], "inflate": -2, "uv": [88, 68]},
						{"origin": [-12, 27, -11.1], "size": [9, 9, 9], "inflate": -2, "uv": [0, 51]},
						{"origin": [-13.7, 25.3, -13.2], "size": [9, 9, 9], "inflate": -4, "uv": [82, 110]},
						{"origin": [-10.3, 25.3, -13.2], "size": [9, 9, 9], "inflate": -4, "uv": [81, 110]},
						{"origin": [-10.3, 28.7, -13.2], "size": [9, 9, 9], "inflate": -4, "uv": [81, 110], "mirror": true},
						{"origin": [-13.7, 28.7, -13.2], "size": [9, 9, 9], "inflate": -4, "uv": [81, 110], "mirror": true},
						{"origin": [-11, 32, -11.1], "size": [7, 5, 9], "inflate": -2, "uv": [63, 5]},
						{"origin": [-11, 26, -11.1], "size": [7, 5, 9], "inflate": -2, "uv": [63, 63]},
						{"origin": [-7, 28, -11.1], "size": [5, 7, 9], "inflate": -2, "uv": [88, 88]}
					]
				},
				{
					"name": "bone2",
					"parent": "head",
					"pivot": [-8, -8, -4]
				},
				{
					"name": "arm0",
					"parent": "head",
					"pivot": [0, 12, 6],
					"mirror": true,
					"cubes": [
						{"origin": [22, -5.5, 0], "size": [5, 17, 6], "inflate": -0.5, "pivot": [13, -21, 3], "rotation": [0, 0, -35], "uv": [44, 72], "mirror": false}
					]
				},
				{
					"name": "arm1",
					"parent": "head",
					"pivot": [0, 12, 6],
					"mirror": true,
					"cubes": [
						{"origin": [-27, -4.5, 0], "size": [5, 17, 6], "inflate": -0.5, "pivot": [-14, -21, 3], "rotation": [0, 0, 35], "uv": [44, 72], "mirror": false}
					]
				},
				{
					"name": "leg1",
					"parent": "head",
					"pivot": [-5, -1, -4],
					"rotation": [-90, 0, 0],
					"mirror": true,
					"cubes": [
						{"origin": [-6.5, -14, -9], "size": [4, 23, 4], "inflate": 0.5, "pivot": [0, -9, -7], "rotation": [0, 0, 5], "uv": [24, 92], "mirror": false}
					]
				},
				{
					"name": "leg0",
					"parent": "head",
					"pivot": [5, -1, -5],
					"rotation": [-90, -5, 0],
					"mirror": true,
					"cubes": [
						{"origin": [3.5, -14, -10], "size": [4, 23, 4], "inflate": 0.5, "pivot": [1, -9, -7], "rotation": [0, 0, -5], "uv": [24, 92], "mirror": false}
					]
				},
				{
					"name": "body",
					"parent": "head",
					"pivot": [1, 12, 6],
					"mirror": true,
					"cubes": [
						{"origin": [-5, 0, -2], "size": [10, 16, 10], "uv": [0, 0], "mirror": false},
						{"origin": [-5, 0, -3.5], "size": [10, 15, 10], "inflate": -1, "uv": [0, 26], "mirror": false},
						{"origin": [5, 1, -2], "size": [1, 13, 10], "uv": [22, 69], "mirror": false},
						{"origin": [-6, 1, -2], "size": [1, 13, 10], "uv": [0, 69], "mirror": false}
					]
				}
			]
		}
	]
}