{
	"format_version": "1.12.0",
	"minecraft:geometry": [
		{
			"description": {
				"identifier": "geometry.ickbarr",
				"texture_width": 128,
				"texture_height": 128,
				"visible_bounds_width": 5,
				"visible_bounds_height": 5,
				"visible_bounds_offset": [0, 0, 0]
			},
			"bones": [
				{
					"name": "body",
					"pivot": [1, 31, 0],
					"mirror": true,
					"cubes": [
						{"origin": [-5, 19, -8], "size": [10, 16, 10], "uv": [0, 0], "mirror": false},
						{"origin": [-5, 19, -9.5], "size": [10, 15, 10], "inflate": -1, "uv": [0, 26], "mirror": false},
						{"origin": [5, 20, -8], "size": [1, 13, 10], "uv": [22, 69], "mirror": false},
						{"origin": [-6, 20, -8], "size": [1, 13, 10], "uv": [0, 69], "mirror": false}
					]
				},
				{
					"name": "head",
					"pivot": [0, 43, -2],
					"mirror": true,
					"cubes": [
						{"origin": [-5, 41, -7.5], "size": [9, 9, 9], "inflate": 7, "uv": [36, 54], "mirror": false},
						{"origin": [-6, 38, -11.7], "size": [11, 5, 9], "inflate": 3, "uv": [40, 40], "mirror": false}
					]
				},
				{
					"name": "bone3",
					"parent": "head",
					"pivot": [-14, 24, 4],
					"cubes": [
						{"origin": [6.64332, 91.27926, 20.40053], "size": [3, 5, 1], "inflate": 1, "pivot": [9.64332, 54.27926, 28.10053], "rotation": [55, 0, 35], "uv": [0, 26]},
						{"origin": [-6.80075, 75.56603, 10.98021], "size": [7, 5, 1], "inflate": 1, "pivot": [-3.80075, 38.56603, 18.68021], "rotation": [25, 0, 35], "uv": [27, 54]},
						{"origin": [-19, 53, -3.7], "size": [11, 18, 1], "inflate": 1, "pivot": [-14, 24, 4], "rotation": [0, 0, 35], "uv": [0, 92]}
					]
				},
				{
					"name": "bone4",
					"parent": "head",
					"pivot": [11, 23, 4],
					"rotation": [0, 0, -70],
					"cubes": [
						{"origin": [31.64332, 90.27926, 20.40053], "size": [3, 5, 1], "inflate": 1, "pivot": [34.64332, 53.27926, 28.10053], "rotation": [55, 0, 35], "uv": [0, 0]},
						{"origin": [18.19925, 74.56603, 10.98021], "size": [7, 5, 1], "inflate": 1, "pivot": [21.19925, 37.56603, 18.68021], "rotation": [25, 0, 35], "uv": [30, 0]},
						{"origin": [6, 52, -3.7], "size": [11, 18, 1], "inflate": 1, "pivot": [11, 23, 4], "rotation": [0, 0, 35], "uv": [90, 35]}
					]
				},
				{
					"name": "bone",
					"parent": "head",
					"pivot": [6, 11, -10],
					"cubes": [
						{"origin": [1, 47, -17.1], "size": [5, 7, 9], "inflate": -2, "uv": [88, 68]},
						{"origin": [2, 46, -17.1], "size": [9, 9, 9], "inflate": -2, "uv": [0, 51]},
						{"origin": [0.3, 44.3, -19.2], "size": [9, 9, 9], "inflate": -4, "uv": [82, 110]},
						{"origin": [3.7, 44.3, -19.2], "size": [9, 9, 9], "inflate": -4, "uv": [82, 110]},
						{"origin": [-24.3, 54.9, -19.2], "size": [11, 8.43, 9], "inflate": -4, "pivot": [-18, 20, -12], "rotation": [0, 0, 40], "uv": [61, 111]},
						{"origin": [-38.3, 54.9, -19.2], "size": [11, 8.43, 9], "inflate": -4, "pivot": [-32, 20, -12], "rotation": [0, 0, 40], "uv": [61, 111]},
						{"origin": [-36.7, 115.9, -19.2], "size": [11, 8.43, 9], "inflate": -4, "pivot": [-32, 81, -12], "rotation": [0, 0, 140], "uv": [61, 111]},
						{"origin": [-22.7, 115.9, -19.2], "size": [11, 8.43, 9], "inflate": -4, "pivot": [-18, 81, -12], "rotation": [0, 0, 140], "uv": [61, 111]},
						{"origin": [3.7, 47.7, -19.2], "size": [9, 9, 9], "inflate": -4, "uv": [82, 110], "mirror": true},
						{"origin": [0.3, 47.7, -19.2], "size": [9, 9, 9], "inflate": -4, "uv": [82, 110], "mirror": true},
						{"origin": [3, 51, -17.1], "size": [7, 5, 9], "inflate": -2, "uv": [63, 5]},
						{"origin": [-3.5, 51, -16.6], "size": [6, 5, 9], "inflate": -2, "uv": [96, 4]},
						{"origin": [-3.5, 53, -16.6], "size": [6, 5, 9], "inflate": -2, "uv": [96, 4]},
						{"origin": [-3.5, 53, 1.6], "size": [6, 5, 9], "inflate": -2, "uv": [96, 4]},
						{"origin": [-3.5, 51, 1.6], "size": [6, 5, 9], "inflate": -2, "uv": [96, 4]},
						{"origin": [-3.5, 49, 1.6], "size": [6, 5, 9], "inflate": -2, "uv": [96, 4]},
						{"origin": [-3.5, 47, 1.6], "size": [6, 5, 9], "inflate": -2, "uv": [96, 4]},
						{"origin": [-3.5, 45, 1.6], "size": [6, 5, 9], "inflate": -2, "uv": [96, 4]},
						{"origin": [-3.5, 43, 1.6], "size": [6, 5, 9], "inflate": -2, "uv": [96, 4]},
						{"origin": [-3.5, 41, 1.6], "size": [6, 5, 9], "inflate": -2, "uv": [96, 4]},
						{"origin": [-3.5, 39, 1.6], "size": [6, 5, 9], "inflate": -2, "uv": [96, 4]},
						{"origin": [-3.5, 37, 1.6], "size": [6, 5, 9], "inflate": -2, "uv": [96, 4]},
						{"origin": [-3.5, 35, 1.6], "size": [6, 5, 9], "inflate": -2, "uv": [96, 4]},
						{"origin": [-3.5, 33, 1.6], "size": [6, 5, 9], "inflate": -2, "uv": [96, 4]},
						{"origin": [-3.5, 93, -62.1], "size": [6, 5, 9], "inflate": -2, "pivot": [-1, 53, -56], "rotation": [-90, 0, 0], "uv": [96, 4]},
						{"origin": [-3.5, 93, -60.1], "size": [6, 5, 9], "inflate": -2, "pivot": [-1, 53, -54], "rotation": [-90, 0, 0], "uv": [96, 4]},
						{"origin": [-3.5, 93, -58.1], "size": [6, 5, 9], "inflate": -2, "pivot": [-1, 53, -52], "rotation": [-90, 0, 0], "uv": [96, 4]},
						{"origin": [-3.5, 93, -56.1], "size": [6, 5, 9], "inflate": -2, "pivot": [-1, 53, -50], "rotation": [-90, 0, 0], "uv": [96, 4]},
						{"origin": [-3.5, 93, -54.1], "size": [6, 5, 9], "inflate": -2, "pivot": [-1, 53, -48], "rotation": [-90, 0, 0], "uv": [96, 4]},
						{"origin": [-3.5, 93, -52.1], "size": [6, 5, 9], "inflate": -2, "pivot": [-1, 53, -46], "rotation": [-90, 0, 0], "uv": [96, 4]},
						{"origin": [-3.5, 93, -50.1], "size": [6, 5, 9], "inflate": -2, "pivot": [-1, 53, -44], "rotation": [-90, 0, 0], "uv": [96, 4]},
						{"origin": [-3.5, 93, -48.1], "size": [6, 5, 9], "inflate": -2, "pivot": [-1, 53, -42], "rotation": [-90, 0, 0], "uv": [96, 4]},
						{"origin": [-3.5, 93, -46.1], "size": [6, 5, 9], "inflate": -2, "pivot": [-1, 53, -40], "rotation": [-90, 0, 0], "uv": [96, 4]},
						{"origin": [-3.5, 93, -44.1], "size": [6, 5, 9], "inflate": -2, "pivot": [-1, 53, -38], "rotation": [-90, 0, 0], "uv": [96, 4]},
						{"origin": [-3.5, 93, -42.1], "size": [6, 5, 9], "inflate": -2, "pivot": [-1, 53, -36], "rotation": [-90, 0, 0], "uv": [96, 4]},
						{"origin": [-3.5, 74, -42.9], "size": [6, 5, 9], "inflate": -2, "pivot": [-1, 34, -36], "rotation": [-90, 0, 0], "uv": [96, 4]},
						{"origin": [-3.5, 74, -44.9], "size": [6, 5, 9], "inflate": -2, "pivot": [-1, 34, -38], "rotation": [-90, 0, 0], "uv": [96, 4]},
						{"origin": [-3.5, 74, -46.9], "size": [6, 5, 9], "inflate": -2, "pivot": [-1, 34, -40], "rotation": [-90, 0, 0], "uv": [96, 4]},
						{"origin": [-3.5, 74, -48.9], "size": [6, 5, 9], "inflate": -2, "pivot": [-1, 34, -42], "rotation": [-90, 0, 0], "uv": [96, 4]},
						{"origin": [-3.5, 74, -50.9], "size": [6, 5, 9], "inflate": -2, "pivot": [-1, 34, -44], "rotation": [-90, 0, 0], "uv": [96, 4]},
						{"origin": [-3.5, 74, -52.9], "size": [6, 5, 9], "inflate": -2, "pivot": [-1, 34, -46], "rotation": [-90, 0, 0], "uv": [96, 4]},
						{"origin": [-3.5, 74, -54.9], "size": [6, 5, 9], "inflate": -2, "pivot": [-1, 34, -48], "rotation": [-90, 0, 0], "uv": [96, 4]},
						{"origin": [-3.5, 74, -56.9], "size": [6, 5, 9], "inflate": -2, "pivot": [-1, 34, -50], "rotation": [-90, 0, 0], "uv": [96, 4]},
						{"origin": [-3.5, 74, -58.9], "size": [6, 5, 9], "inflate": -2, "pivot": [-1, 34, -52], "rotation": [-90, 0, 0], "uv": [96, 4]},
						{"origin": [-3.5, 74, -60.9], "size": [6, 5, 9], "inflate": -2, "pivot": [-1, 34, -54], "rotation": [-90, 0, 0], "uv": [96, 4]},
						{"origin": [-3.5, 74, -62.9], "size": [6, 5, 9], "inflate": -2, "pivot": [-1, 34, -56], "rotation": [-90, 0, 0], "uv": [96, 4]},
						{"origin": [-3.5, 49, -16.6], "size": [6, 5, 9], "inflate": -2, "uv": [96, 4]},
						{"origin": [-3.5, 47, -16.6], "size": [6, 5, 9], "inflate": -2, "uv": [96, 4]},
						{"origin": [-3.5, 45, -16.6], "size": [6, 5, 9], "inflate": -2, "uv": [96, 4]},
						{"origin": [3, 45, -17.1], "size": [7, 5, 9], "inflate": -2, "uv": [63, 63]},
						{"origin": [7, 47, -17.1], "size": [5, 7, 9], "inflate": -2, "uv": [88, 88]}
					]
				},
				{
					"name": "bone5",
					"parent": "head",
					"pivot": [-8, 11, -10],
					"cubes": [
						{"origin": [-13, 47, -17.1], "size": [5, 7, 9], "inflate": -2, "uv": [88, 68]},
						{"origin": [-12, 46, -17.1], "size": [9, 9, 9], "inflate": -2, "uv": [0, 51]},
						{"origin": [-13.7, 44.3, -19.2], "size": [9, 9, 9], "inflate": -4, "uv": [82, 110]},
						{"origin": [-10.3, 44.3, -19.2], "size": [9, 9, 9], "inflate": -4, "uv": [81, 110]},
						{"origin": [-10.3, 47.7, -19.2], "size": [9, 9, 9], "inflate": -4, "uv": [81, 110], "mirror": true},
						{"origin": [-13.7, 47.7, -19.2], "size": [9, 9, 9], "inflate": -4, "uv": [81, 110], "mirror": true},
						{"origin": [-11, 51, -17.1], "size": [7, 5, 9], "inflate": -2, "uv": [63, 5]},
						{"origin": [-11, 45, -17.1], "size": [7, 5, 9], "inflate": -2, "uv": [63, 63]},
						{"origin": [-7, 47, -17.1], "size": [5, 7, 9], "inflate": -2, "uv": [88, 88]}
					]
				},
				{
					"name": "bone2",
					"parent": "head",
					"pivot": [-8, 11, -10]
				},
				{
					"name": "arm0",
					"pivot": [6, 29, -2],
					"mirror": true,
					"cubes": [
						{"origin": [2.37962, 15.2721, -6], "size": [5, 17, 6], "inflate": -0.5, "pivot": [6, 30, -3], "rotation": [0, 0, -35], "uv": [44, 72], "mirror": false}
					]
				},
				{
					"name": "arm1",
					"pivot": [-6, 29, -3],
					"mirror": true,
					"cubes": [
						{"origin": [-7.19877, 15.69852, -6], "size": [5, 17, 6], "inflate": -0.5, "pivot": [-6, 30, -3], "rotation": [0, 0, 35], "uv": [44, 72], "mirror": false}
					]
				},
				{
					"name": "leg0",
					"pivot": [4, 20, -3],
					"mirror": true,
					"cubes": [
						{"origin": [1.7156, 0.03425, -5], "size": [4, 23, 4], "inflate": 0.5, "pivot": [0, 14, -2], "rotation": [0, 0, -5], "uv": [24, 92], "mirror": false}
					]
				},
				{
					"name": "leg1",
					"pivot": [-3, 20, -3],
					"mirror": true,
					"cubes": [
						{"origin": [-6.5, 0, -5], "size": [4, 23, 4], "inflate": 0.5, "pivot": [0, 5, -3], "rotation": [0, 0, 5], "uv": [24, 92], "mirror": false}
					]
				}
			]
		}
	]
}