{
	"format_version": "1.12.0",
	"minecraft:geometry": [
		{
			"description": {
				"identifier": "geometry.john",
				"texture_width": 256,
				"texture_height": 256,
				"visible_bounds_width": 6,
				"visible_bounds_height": 11,
				"visible_bounds_offset": [0, 0, 0]
			},
			"bones": [
				{
					"name": "body",
					"pivot": [-1, 72, 0],
					"mirror": true,
					"cubes": [
						{"origin": [-4, 65, -5], "size": [6, 20, 6], "inflate": 8, "uv": [0, 0], "mirror": false},
						{"origin": [-15.5, 43, -16.5], "size": [29, 20, 29], "inflate": -2, "uv": [0, 0], "mirror": false},
						{"origin": [-6, 91, -7.5], "size": [10, 15, 11], "inflate": -1, "uv": [87, 0], "mirror": false}
					]
				},
				{
					"name": "head",
					"pivot": [0, 107, -2],
					"mirror": true,
					"cubes": [
						{"origin": [-6, 100, -7.5], "size": [10, 15, 11], "inflate": 4.7, "uv": [96, 74], "mirror": false},
						{"origin": [-6, 108, -7.5], "size": [10, 7, 11], "inflate": 5, "uv": [96, 74], "mirror": false},
						{"origin": [-2, 113, -16.5], "size": [13, 7, 11], "inflate": -3, "pivot": [-3, 115, -9], "rotation": [0, 0, 5], "uv": [48, 103], "mirror": false},
						{"origin": [-13, 112, -16.5], "size": [13, 7, 11], "inflate": -3, "pivot": [-14, 114, -9], "rotation": [0, 0, -5], "uv": [0, 101], "mirror": false},
						{"origin": [-11, 107, -15.5], "size": [9, 8, 5], "inflate": -2, "uv": [144, 130], "mirror": false},
						{"origin": [0, 107, -15.5], "size": [9, 8, 5], "inflate": -2, "uv": [27, 49], "mirror": false},
						{"origin": [-6, 129, -7.5], "size": [10, 3, 11], "inflate": 4, "uv": [119, 40], "mirror": false},
						{"origin": [-6, 123, -7.5], "size": [10, 3, 11], "inflate": 6, "uv": [116, 26], "mirror": false},
						{"origin": [6, 85, -9.5], "size": [6, 37, 15], "inflate": -2, "pivot": [6, 111, 0], "rotation": [0, 0, -10], "uv": [42, 49], "mirror": false},
						{"origin": [-14, 86, -9.5], "size": [6, 37, 15], "inflate": -2, "pivot": [-14, 112, 0], "rotation": [0, 0, 10], "uv": [0, 49], "mirror": false},
						{"origin": [-6, 101, -18.5], "size": [10, 7, 8], "inflate": 1, "uv": [69, 49], "mirror": false},
						{"origin": [-6, 104, -24.5], "size": [10, 10, 10], "inflate": -3, "uv": [96, 103], "mirror": false}
					]
				},
				{
					"name": "bone2",
					"parent": "head",
					"pivot": [-6, 105, -9],
					"cubes": [
						{"origin": [-7.9, 95.5, -16.2], "size": [7.8, 8, 7], "inflate": -3, "uv": [0, 216]},
						{"origin": [-6, 95.5, -16.2], "size": [7.8, 8, 7], "inflate": -3, "uv": [0, 216]},
						{"origin": [-4.1, 95.5, -16.2], "size": [7.8, 8, 7], "inflate": -3, "uv": [0, 216]},
						{"origin": [-0.2, 95.5, -16.2], "size": [7.8, 8, 7], "inflate": -3, "uv": [0, 216]},
						{"origin": [-2.2, 95.5, -16.2], "size": [7.8, 8, 7], "inflate": -3, "uv": [0, 216]},
						{"origin": [-9.8, 95.5, -16.2], "size": [7.8, 8, 7], "inflate": -3, "uv": [0, 216]}
					]
				},
				{
					"name": "arm1",
					"pivot": [0, 31, 0],
					"mirror": true
				},
				{
					"name": "left_leg",
					"pivot": [11, 51, -2],
					"mirror": true,
					"cubes": [
						{"origin": [5.5, 37, -7], "size": [6, 15, 6], "inflate": 2, "pivot": [4, 36, -4], "rotation": [-10, 0, 0], "uv": [144, 144], "mirror": false},
						{"origin": [5.5, 9.88343, -7.09769], "size": [6, 24, 6], "inflate": 2, "uv": [72, 121], "mirror": false},
						{"origin": [5.5, 5.88343, -7.09769], "size": [6, 28, 6], "uv": [24, 119], "mirror": false},
						{"origin": [5.5, 1.88343, -21.09769], "size": [6, 2, 23], "inflate": 3, "uv": [84, 49], "mirror": false}
					]
				},
				{
					"name": "leg1",
					"pivot": [-5, 13, 0],
					"mirror": true
				},
				{
					"name": "head2",
					"pivot": [21, 103, -2],
					"mirror": true
				},
				{
					"name": "right_leg",
					"pivot": [-13, 51, -2],
					"mirror": true,
					"cubes": [
						{"origin": [-13.5, 37, -7], "size": [6, 15, 6], "inflate": 2, "pivot": [-15, 36, -4], "rotation": [-10, 0, 0], "uv": [140, 109], "mirror": false},
						{"origin": [-13.5, 5.88343, -7.09769], "size": [6, 28, 6], "uv": [0, 119], "mirror": false},
						{"origin": [-13.5, 1.88343, -21.09769], "size": [6, 2, 23], "inflate": 3, "uv": [84, 49], "mirror": false},
						{"origin": [-13.5, 9.88343, -7.09769], "size": [6, 24, 6], "inflate": 2, "uv": [48, 121], "mirror": false}
					]
				},
				{
					"name": "right_arm",
					"pivot": [-12, 85, -4],
					"cubes": [
						{"origin": [-25.40846, 66.19054, -32.70964], "size": [4, 23, 4], "inflate": 2, "pivot": [-34.40846, 55.69054, -32.70964], "rotation": [-65, 0, 25], "uv": [44, 151]},
						{"origin": [-21.20514, 45.58179, -41.4383], "size": [3, 9, 3], "pivot": [-31.20514, 48.08179, -45.4383], "rotation": [-60, -40, 3], "uv": [146, 85]},
						{"origin": [-21.24868, 45.11823, -48.59547], "size": [3, 9, 3], "pivot": [-31.24868, 47.61823, -45.59547], "rotation": [-57, -40, 3], "uv": [119, 54]},
						{"origin": [-21.24868, 45.11823, -45.1], "size": [3, 9, 3], "pivot": [-31.24868, 47.61823, -45.59547], "rotation": [-57, -40, 3], "uv": [119, 54]},
						{"origin": [-24.75, 55.97327, -41.52963], "size": [3, 7, 3], "pivot": [-34.64735, 56.47327, -35.52963], "rotation": [-100, 0, 25], "uv": [37, 101]},
						{"origin": [-25.59154, 53.19054, -35.70964], "size": [4, 9, 10], "pivot": [-34.59154, 55.69054, -32.70964], "rotation": [-65, 0, 25], "uv": [128, 90]},
						{"origin": [-24.44247, 64.65472, -30.97749], "size": [4, 27, 4], "pivot": [-33.44247, 58.15472, -33.97749], "rotation": [-65, 0, 25], "uv": [128, 128]},
						{"origin": [-22, 66.5, -4], "size": [4, 30, 4], "inflate": 2, "pivot": [-31, 63, -4], "rotation": [0, 0, 25], "uv": [96, 123]}
					]
				},
				{
					"name": "left_arm",
					"pivot": [10.40846, 85.69054, -1.70964],
					"cubes": [
						{"origin": [22.40846, 56.19054, -32.70964], "size": [4, 23, 4], "inflate": 2, "pivot": [13.40846, 45.69054, -32.70964], "rotation": [-65, 0, -25], "uv": [60, 151]},
						{"origin": [19, 56.5, -4], "size": [4, 30, 4], "inflate": 2, "pivot": [10, 53, -4], "rotation": [0, 0, -25], "uv": [112, 123]},
						{"origin": [22.40846, 52.19054, -32.70964], "size": [4, 27, 4], "pivot": [13.40846, 45.69054, -32.70964], "rotation": [-65, 0, -25], "uv": [142, 54]},
						{"origin": [22.28027, 42.8003, -28.16918], "size": [3, 9, 3], "pivot": [12.28027, 45.3003, -32.16918], "rotation": [-60, 35, -7], "uv": [76, 151]},
						{"origin": [22.28027, 42.8003, -35.16918], "size": [3, 9, 3], "pivot": [12.28027, 45.3003, -32.16918], "rotation": [-60, 35, -7], "uv": [0, 153]},
						{"origin": [22.5, 45.81209, -41.52963], "size": [3, 7, 3], "pivot": [13.11862, 46.31209, -35.52963], "rotation": [-100, 0, -25], "uv": [85, 103]},
						{"origin": [22.40846, 43.19054, -35.70964], "size": [4, 9, 10], "pivot": [13.40846, 45.69054, -32.70964], "rotation": [-65, 0, -25], "uv": [129, 0]},
						{"origin": [22.28027, 42.8003, -31.7], "size": [3, 9, 3], "pivot": [12.28027, 45.3003, -32.16918], "rotation": [-60, 35, -7], "uv": [147, 19]}
					]
				}
			]
		}
	]
}