{
	"format_version": "1.12.0",
	"minecraft:geometry": [
		{
			"description": {
				"identifier": "geometry.little_baby",
				"texture_width": 128,
				"texture_height": 128,
				"visible_bounds_width": 3,
				"visible_bounds_height": 3,
				"visible_bounds_offset": [0, 0, 0]
			},
			"bones": [
				{
					"name": "head",
					"pivot": [0, 36, -3],
					"mirror": true,
					"cubes": [
						{"origin": [-4, 33, -5], "size": [8, 6.5, 9], "pivot": [0, 9, -1], "rotation": [5, 0, 0], "uv": [25, 25], "mirror": false},
						{"origin": [-4, 34, -5], "size": [8, 6.5, 9], "inflate": -0.1, "pivot": [0, 9, -1], "rotation": [5, 0, 0], "uv": [0, 19], "mirror": false},
						{"origin": [-2.8, 34, -5], "size": [9, 6.5, 5], "inflate": -2.1, "pivot": [2, 9, -1], "rotation": [5, 0, 0], "uv": [56, 56], "mirror": false},
						{"origin": [-2.8, 36, -5], "size": [9, 5.7, 5], "inflate": -2.1, "pivot": [2, 9, -1], "rotation": [5, 0, 0], "uv": [0, 60], "mirror": false},
						{"origin": [-2.8, 36, -6], "size": [9, 5.7, 5], "inflate": -2.1, "pivot": [2, 9, -1], "rotation": [5, 0, 0], "uv": [58, 45], "mirror": false},
						{"origin": [-2.8, 35, -2], "size": [9, 6.7, 5], "inflate": -2.1, "pivot": [2, 9, -1], "rotation": [5, 0, 0], "uv": [54, 0], "mirror": false},
						{"origin": [-2.8, 36, 0], "size": [9, 5.7, 5], "inflate": -2.1, "pivot": [2, 9, -1], "rotation": [5, 0, 0], "uv": [58, 20], "mirror": false},
						{"origin": [-6.2, 35, 0], "size": [9, 6.7, 5], "inflate": -2.1, "pivot": [2, 9, -1], "rotation": [5, 0, 0], "uv": [28, 53], "mirror": false},
						{"origin": [-6.2, 36, -2], "size": [9, 5.7, 5], "inflate": -2.1, "pivot": [2, 9, -1], "rotation": [5, 0, 0], "uv": [54, 35], "mirror": false},
						{"origin": [-6.2, 33, -4], "size": [9, 8.7, 5], "inflate": -2.1, "pivot": [2, 9, -1], "rotation": [5, 0, 0], "uv": [30, 40], "mirror": false},
						{"origin": [-6.2, 35, -6], "size": [9, 6.7, 5], "inflate": -2.1, "pivot": [2, 9, -1], "rotation": [5, 0, 0], "uv": [0, 49], "mirror": false},
						{"origin": [-5.2, 34, 1.2], "size": [5, 7.7, 5], "inflate": -2.1, "pivot": [3, 9, -3], "rotation": [5, 0, 0], "uv": [4, 104], "mirror": false},
						{"origin": [-3.5, 36, 1.2], "size": [5, 5.7, 5], "inflate": -2.1, "pivot": [3, 9, -3], "rotation": [5, 0, 0], "uv": [5, 106], "mirror": false},
						{"origin": [-1.5, 35, 1.2], "size": [5, 6.7, 5], "inflate": -2.1, "pivot": [4, 9, -3], "rotation": [5, 0, 0], "uv": [5, 106], "mirror": false},
						{"origin": [0.5, 33, 1.2], "size": [5, 8.7, 5], "inflate": -2.1, "pivot": [4, 9, -3], "rotation": [5, 0, 0], "uv": [5, 106], "mirror": false},
						{"origin": [-4, 31, -8.2], "size": [8, 6.5, 13], "inflate": -3, "pivot": [0, 9, -1], "rotation": [5, 0, 0], "uv": [0, 0], "mirror": false},
						{"origin": [-0.5, 35, -17], "size": [1, 3.5, 4], "pivot": [1, 10, -13], "rotation": [-20, 0, 0], "uv": [50, 26], "mirror": false},
						{"origin": [-1, 34, -8], "size": [6.5, 6.5, 9], "inflate": -2.5, "pivot": [1, 9, -1], "rotation": [5, 0, 0], "uv": [33, 10], "mirror": false},
						{"origin": [-5.5, 34, -8], "size": [6.5, 6.5, 9], "inflate": -2.5, "pivot": [-3, 9, -1], "rotation": [5, 0, 0], "uv": [33, 10], "mirror": false}
					]
				},
				{
					"name": "body",
					"parent": "head",
					"pivot": [0, 24, -2],
					"mirror": true,
					"cubes": [
						{"origin": [-2, 22.9056, -4.2], "size": [4, 8, 4], "inflate": 1, "pivot": [0, 28, -2], "rotation": [5, 0, 0], "uv": [16, 76], "mirror": false},
						{"origin": [-2, 12, -2], "size": [4, 5, 4], "inflate": 1, "pivot": [0, -7, 1], "rotation": [5, 0, 0], "uv": [79, 7], "mirror": false},
						{"origin": [-2, 7, 1], "size": [4, 5, 4], "pivot": [0, -12, 4], "rotation": [10, 0, 0], "uv": [76, 67], "mirror": false},
						{"origin": [-2, 4, 4], "size": [4, 5, 4], "inflate": -1, "pivot": [0, -15, 7], "rotation": [15, 0, 0], "uv": [76, 76], "mirror": false},
						{"origin": [-2, 18, -4], "size": [4, 5, 4], "inflate": 2, "uv": [77, 30], "mirror": false},
						{"origin": [-1, 23, -1.5], "size": [2, 11, 2], "pivot": [-2, 7, 0], "rotation": [5, 0, 0], "uv": [0, 0], "mirror": false}
					]
				},
				{
					"name": "redenti",
					"parent": "body",
					"pivot": [-2, 26, -2],
					"cubes": [
						{"origin": [-4.2, 24.6, -3.2], "size": [8.4, 5.5, 5], "inflate": -2.1, "pivot": [-0.1, -1.44697, -0.4757], "rotation": [5, 0, 0], "uv": [0, 102]},
						{"origin": [-1, 25.5, -1.5], "size": [2, 1.5, 2], "inflate": 1, "pivot": [-2, 0, 0], "rotation": [5, 0, 0], "uv": [0, 0]},
						{"origin": [-4.2, 23.6, -4.2], "size": [8.4, 6.5, 5], "inflate": -2.1, "pivot": [-0.1, -1.44697, -0.4757], "rotation": [5, 0, 0], "uv": [0, 102]},
						{"origin": [-1, 25.3, -1.5], "size": [2, 2, 2], "inflate": 0.9, "pivot": [-2, 0, 0], "rotation": [5, 0, 0], "uv": [0, 0]},
						{"origin": [-1, 25.7, -1.5], "size": [2, 1, 2], "inflate": 0.9, "pivot": [-2, 0, 0], "rotation": [5, 0, 0], "uv": [0, 0]},
						{"origin": [-2, 23.6, -4.6], "size": [5.2, 6.5, 8.4], "inflate": -2.1, "pivot": [0.9, -1.44697, -0.4757], "rotation": [5, 0, 0], "uv": [0, 102]},
						{"origin": [-3.3, 24.6, -4.6], "size": [5.2, 5.5, 6], "inflate": -2.1, "pivot": [-0.1, -1.44697, -0.4757], "rotation": [5, 0, 0], "uv": [0, 102]},
						{"origin": [-4.2, 24.4, -1.38181], "size": [8.4, 5.7, 5], "inflate": -2.1, "pivot": [-0.1, -1.66364, -0.65751], "rotation": [5, 0, 0], "uv": [0, 102]},
						{"origin": [-3.3, 24.6, -4.6], "size": [5.2, 5.5, 8.4], "inflate": -2.1, "pivot": [-0.1, -1.44697, -0.4757], "rotation": [5, 0, 0], "uv": [0, 102]}
					]
				},
				{
					"name": "leftArm",
					"parent": "redenti",
					"pivot": [-3, 30, -2],
					"mirror": true,
					"cubes": [
						{"origin": [-16, 21, -6], "size": [4, 11, 4], "inflate": -1, "pivot": [-8, 9, -4], "rotation": [-5, 0, 30], "uv": [60, 67], "mirror": false},
						{"origin": [-14.0526, 24.64094, -26.04479], "size": [3, 3, 4], "inflate": -1, "pivot": [-7.0526, 12.64094, -24.04479], "rotation": [-65, 0, 30], "uv": [81, 16], "mirror": false},
						{"origin": [-7.42352, 21.54256, -20.91154], "size": [3, 4, 4], "inflate": -1, "pivot": [-0.42352, 11.54256, -18.91154], "rotation": [-61, -31, 14.5], "uv": [32, 80], "mirror": false},
						{"origin": [-13.97527, 24.50694, -25.13848], "size": [4, 12, 4], "inflate": -1, "pivot": [-5.97527, 12.50694, -23.13848], "rotation": [-65, 0, 30], "uv": [28, 64], "mirror": false}
					]
				},
				{
					"name": "bone2",
					"parent": "leftArm",
					"pivot": [-12.57849, 15.91327, -22.21873],
					"cubes": [
						{"origin": [-9.57849, 24.91327, -26.1], "size": [4, 5, 4], "inflate": -1.7, "pivot": [-12.57849, 15.91327, -22.21873], "rotation": [-65, -15, 30], "uv": [29, 0]}
					]
				},
				{
					"name": "rightArm",
					"parent": "bone2",
					"pivot": [3, 30, -2],
					"mirror": true,
					"cubes": [
						{"origin": [11.98485, 20.99871, -5.98589], "size": [4, 11, 4], "inflate": -1, "pivot": [7.98485, 8.99871, -3.98589], "rotation": [-5, 0, -30], "uv": [60, 67], "mirror": false},
						{"origin": [9.96012, 24.50565, -25.12437], "size": [4, 12, 4], "inflate": -1, "pivot": [5.96012, 12.50565, -23.12437], "rotation": [-65, 0, -30], "uv": [28, 64], "mirror": false},
						{"origin": [10.96012, 23.50565, -25.12437], "size": [3, 3, 4], "inflate": -1, "pivot": [5.96012, 12.50565, -23.12437], "rotation": [-65, 0, -30], "uv": [81, 16], "mirror": false},
						{"origin": [4.59365, 21.32795, -20.3965], "size": [3, 4, 4], "inflate": -1, "pivot": [-0.40635, 11.32795, -18.3965], "rotation": [-61, 31, -14.5], "uv": [32, 80], "mirror": false}
					]
				},
				{
					"name": "bone",
					"parent": "rightArm",
					"pivot": [3.97113, 11.38495, -19.78559],
					"cubes": [
						{"origin": [6.97113, 20.38495, -23.2], "size": [4, 5, 4], "inflate": -1.7, "pivot": [3.97113, 11.38495, -19.78559], "rotation": [-65, 15, -30], "uv": [29, 0]}
					]
				},
				{
					"name": "leftLeg",
					"pivot": [-1.9, 12, 0],
					"mirror": true
				},
				{
					"name": "rightLeg",
					"pivot": [1.9, 12, 0],
					"mirror": true
				}
			]
		}
	]
}