{
	"format_version": "1.10.0",
	"geometry.mrnoseybonk": {
		"texturewidth": 64,
		"textureheight": 64,
		"visible_bounds_width": 4,
		"visible_bounds_height": 4,
		"visible_bounds_offset": [0, 0, 0],
		"bones": [
			{
				"name": "statue",
				"pivot": [0, -1, 0]
			},
			{
				"name": "body",
				"parent": "statue",
				"pivot": [0, 30, 0],
				"cubes": [
					{"origin": [-4, 21, -3], "size": [8, 12, 5], "uv": [0, 17]}
				]
			},
			{
				"name": "left_leg",
				"parent": "body",
				"pivot": [3, 21, 0],
				"reset": true,
				"mirror": true,
				"cubes": [
					{"origin": [1, 0, -2], "size": [3, 21, 3], "uv": [26, 26], "mirror": false},
					{"origin": [1, 0, -5], "size": [3, 2, 6], "uv": [16, 56], "inflate": 0.2, "mirror": false}
				]
			},
			{
				"name": "right_leg",
				"parent": "body",
				"pivot": [-3, 21, -1],
				"reset": true,
				"cubes": [
					{"origin": [-4, 0, -5], "size": [3, 2, 6], "uv": [16, 56], "inflate": 0.2},
					{"origin": [-4, 0, -2], "size": [3, 21, 3], "uv": [0, 34]}
				]
			},
			{
				"name": "left_arm",
				"parent": "body",
				"pivot": [4, 32, -1],
				"rotation": [0, 0, 165],
				"reset": true,
				"mirror": true,
				"cubes": [
					{"origin": [1.40597, 30.87092, -2], "size": [3, 18, 3], "uv": [12, 34]}
				]
			},
			{
				"name": "right_arm",
				"parent": "body",
				"pivot": [-5, 33, 0],
				"rotation": [0, 0, -165],
				"reset": true,
				"cubes": [
					{"origin": [-6.66432, 32.34392, -2], "size": [3, 19, 3], "uv": [12, 34]}
				]
			},
			{
				"name": "head",
				"parent": "body",
				"pivot": [0, 37, 0],
				"cubes": [
					{"origin": [-3, 33, -5], "size": [6, 8, 9], "uv": [0, 0]},
					{"origin": [-3, 41, -4], "size": [6, 1, 8], "uv": [21, 0]},
					{"origin": [-4, 35, -4], "size": [1, 6, 8], "uv": [36, 15]},
					{"origin": [-3, 35, 4], "size": [6, 6, 1], "uv": [41, 0]},
					{"origin": [3, 35, -4], "size": [1, 6, 8], "uv": [26, 9]},
					{"origin": [0, 34, 4], "size": [3, 1, 1], "uv": [0, 0]},
					{"origin": [-3, 34, 4], "size": [1, 1, 1], "uv": [4, 5]},
					{"origin": [-2, 33, 4], "size": [2, 2, 1], "uv": [0, 2]},
					{"origin": [-4, 34, 2], "size": [1, 1, 2], "uv": [0, 5]},
					{"origin": [-4, 34, -3], "size": [1, 1, 5], "uv": [36, 9]},
					{"origin": [3, 34, -1], "size": [1, 1, 5], "uv": [44, 7]},
					{"origin": [-1, 36, -12], "size": [2, 2, 7], "uv": [38, 29]},
					{"origin": [-4, 35, -6], "size": [2, 2, 2], "uv": [60, 1]},
					{"origin": [2, 35, -6], "size": [2, 2, 2], "uv": [60, 1]},
					{"origin": [-1, 33.8, -5.2], "size": [2, 1.5, 2], "uv": [54, 31]},
					{"origin": [-1.45, 33.8, -5.9], "size": [2.9, 1.5, 2], "uv": [41, 44], "inflate": -0.6},
					{"origin": [1, 38, -6], "size": [2, 2, 2], "uv": [51, 15], "inflate": -0.2},
					{"origin": [-3, 38, -6], "size": [2, 2, 2], "uv": [51, 15], "inflate": -0.2}
				]
			},
			{
				"name": "bone3",
				"parent": "head",
				"pivot": [-3, -3, 0],
				"rotation": [0, 0, 15],
				"cubes": [
					{"origin": [-13.00309, 33.08209, -5.9], "size": [3, 1.5, 2], "uv": [41, 44], "inflate": -0.6}
				]
			},
			{
				"name": "bone4",
				"parent": "bone3",
				"pivot": [-3, -3, 0],
				"rotation": [0, 0, -30],
				"cubes": [
					{"origin": [9.79865, 31.52917, -5.9], "size": [3, 1.5, 2], "uv": [41, 44], "inflate": -0.6}
				]
			},
			{
				"name": "bone2",
				"parent": "head",
				"pivot": [-3, -3, 0],
				"rotation": [0, 0, -15],
				"cubes": [
					{"origin": [10.38824, 31.51079, -5.2], "size": [2, 1.5, 2], "uv": [54, 31]}
				]
			},
			{
				"name": "bone",
				"parent": "head",
				"pivot": [-3, -3, 0],
				"rotation": [0, 0, 20],
				"cubes": [
					{"origin": [-15.70696, 32.26473, -5.2], "size": [2, 1.5, 2], "uv": [54, 31]}
				]
			}
		]
	}
}