{"format_version":"1.13.0","minecraft:entity":{"component_groups":{"all_off":{"minecraft:attack":{"damage":1},"minecraft:health":{"max":20,"value":20},"minecraft:movement":{"value":0.1},"minecraft:variant":{"value":0}},"jack_mode":{"minecraft:attack":{"damage":225},"minecraft:health":{"max":450,"value":450},"minecraft:movement":{"value":0.45},"minecraft:variant":{"value":3}},"jeff_mode":{"minecraft:attack":{"damage":350},"minecraft:health":{"max":45,"value":45},"minecraft:movement":{"value":0.45},"minecraft:variant":{"value":2}},"laughing_mode":{"minecraft:attack":{"damage":250},"minecraft:health":{"max":666,"value":666},"minecraft:movement":{"value":0.35},"minecraft:variant":{"value":4}},"minecraft:add_bad_omen":{"minecraft:spell_effects":{"add_effects":[{"display_on_screen_animation":true,"duration":6000,"effect":"bad_omen"}]},"minecraft:timer":{"looping":false,"time":[0,0],"time_down_event":{"event":"minecraft:clear_add_bad_omen","target":"self"}}},"minecraft:clear_bad_omen_spell_effect":{"minecraft:spell_effects":{}},"minecraft:raid_trigger":{"minecraft:raid_trigger":{"triggered_event":{"event":"minecraft:remove_raid_trigger","target":"self"}},"minecraft:spell_effects":{"remove_effects":"bad_omen"}},"slenderman_mode":{"minecraft:attack":{"damage":500},"minecraft:health":{"max":500,"value":500},"minecraft:movement":{"value":0.35},"minecraft:variant":{"value":1}},"tp":{"minecraft:teleport":{"light_teleport_chance":0,"max_random_teleport_time":0,"random_teleport_cube":[7,7,7],"random_teleports":true,"target_distance":0,"target_teleport_chance":0},"minecraft:timer":{"looping":false,"time":0.1,"time_down_event":{"event":"stop_tp"}}}},"components":{"minecraft:attack":{"damage":1},"minecraft:breathable":{"generates_bubbles":false,"inhale_time":3.75,"suffocate_time":-1,"total_supply":15},"minecraft:can_climb":{},"minecraft:collision_box":{"height":1.8,"width":0.6},"minecraft:environment_sensor":{"triggers":[{"event":"minecraft:trigger_raid","filters":{"all_of":[{"subject":"self","test":"has_mob_effect","value":"bad_omen"},{"subject":"self","test":"is_in_village","value":true}]}},{"event":"slenderman_mode","filters":{"all_of":[{"domain":"head","operator":"equals","subject":"self","test":"has_equipment","value":"vuongnhat:slenderman"}]}},{"event":"jeff_mode","filters":{"all_of":[{"domain":"head","operator":"equals","subject":"self","test":"has_equipment","value":"vuongnhat:jeff"}]}},{"event":"jack_mode","filters":{"all_of":[{"domain":"head","operator":"equals","subject":"self","test":"has_equipment","value":"vuongnhat:jack"}]}},{"event":"laughing_mode","filters":{"all_of":[{"domain":"head","operator":"equals","subject":"self","test":"has_equipment","value":"vuongnhat:laughing"}]}},{"event":"all_off","filters":{"all_of":[{"domain":"head","operator":"!=","subject":"self","test":"has_equipment","value":"vuongnhat:slenderman"},{"domain":"head","operator":"!=","subject":"self","test":"has_equipment","value":"vuongnhat:jack"},{"domain":"head","operator":"!=","subject":"self","test":"has_equipment","value":"vuongnhat:jeff"},{"domain":"head","operator":"!=","subject":"self","test":"has_equipment","value":"vuongnhat:laughing"}]}}]},"minecraft:experience_reward":{"on_death":"Math.Min(query.player_level * 7, 100)"},"minecraft:hurt_on_condition":{"damage_conditions":[{"cause":"lava","damage_per_tick":4,"filters":{"operator":"==","subject":"self","test":"in_lava","value":true}}]},"minecraft:insomnia":{"days_until_insomnia":3},"minecraft:is_hidden_when_invisible":{},"minecraft:loot":{"table":"loot_tables/empty.json"},"minecraft:mark_variant":{"value":0},"minecraft:movement":{"value":0.1},"minecraft:nameable":{"allow_name_tag_renaming":false,"always_show":true},"minecraft:physics":{},"minecraft:player.exhaustion":{"max":4,"value":0},"minecraft:player.experience":{"max":1,"value":0},"minecraft:player.level":{"max":24791,"value":0},"minecraft:player.saturation":{"value":20},"minecraft:pushable":{"is_pushable":false,"is_pushable_by_piston":true},"minecraft:rideable":{"family_types":["parrot_tame"],"pull_in_entities":true,"seat_count":2,"seats":[{"lock_rider_rotation":0,"max_rider_count":0,"min_rider_count":0,"position":[0.4,-0.2,-0.1]},{"lock_rider_rotation":0,"max_rider_count":2,"min_rider_count":1,"position":[-0.4,-0.2,-0.1]}]},"minecraft:scaffolding_climber":{},"minecraft:type_family":{"family":["player"]},"minecraft:variant":{"value":0}},"description":{"animations":{"laughing_inv":"animation.laughing_inv","pslenderman":"animation.player_slenderman","slm_tp":"animation.slm_tp"},"identifier":"minecraft:player","is_experimental":false,"is_spawnable":false,"is_summonable":false,"scripts":{"animate":[{"slm_tp":"query.variant == 1 && !query.is_on_ground"},{"laughing_inv":"query.variant == 4 && !query.is_on_ground"},{"pslenderman":"variable.mark_variant == 1"}]}},"events":{"all_off":{"add":{"component_groups":["all_off"]}},"jack_mode":{"add":{"component_groups":["jack_mode"]}},"jeff_mode":{"add":{"component_groups":["jeff_mode"]}},"laughing_mode":{"add":{"component_groups":["laughing_mode"]}},"minecraft:clear_add_bad_omen":{"add":{"component_groups":["minecraft:clear_bad_omen_spell_effect"]},"remove":{"component_groups":["minecraft:add_bad_omen"]}},"minecraft:gain_bad_omen":{"add":{"component_groups":["minecraft:add_bad_omen"]}},"minecraft:remove_raid_trigger":{"remove":{"component_groups":["minecraft:raid_trigger"]}},"minecraft:trigger_raid":{"add":{"component_groups":["minecraft:raid_trigger"]}},"slenderman_mode":{"add":{"component_groups":["slenderman_mode"]}},"stop_tp":{"remove":{"component_groups":["tp"]}},"tp":{"add":{"component_groups":["tp"]}}}}}