{"format_version":"1.12.0","minecraft:entity":{"components":{"minecraft:attack":{"damage":45},"minecraft:behavior.float":{"priority":0},"minecraft:behavior.look_at_entity":{"filters":{"subject":"other","test":"is_family","value":"mob"},"look_distance":8,"priority":10},"minecraft:behavior.melee_attack":{"priority":3,"speed_multiplier":1,"track_target":false},"minecraft:behavior.nearest_attackable_target":{"entity_types":[{"filters":{"all_of":[{"operator":"!=","subject":"other","test":"is_family","value":"rake"}]},"max_dist":50}],"must_see":true,"priority":0},"minecraft:behavior.random_stroll":{"priority":8,"speed_multiplier":0.6},"minecraft:behavior.send_event":{"event_choices":[{"cast_duration":3,"cooldown_time":5,"filters":{"all_of":[{"subject":"other","test":"is_family","value":"sheep"},{"subject":"other","test":"is_color","value":"blue"}]},"max_activation_range":16,"min_activation_range":0,"particle_color":"#FFB38033","sequence":[{"base_delay":2,"event":"wololo","sound_event":"prepare.wololo"}],"start_sound_event":"cast.spell","weight":3}],"priority":3},"minecraft:breathable":{"suffocateTime":0,"totalSupply":15},"minecraft:can_climb":{},"minecraft:collision_box":{"height":1.8,"width":0.6},"minecraft:experience_reward":{"on_death":"query.last_hit_by_player ? 0 : 0"},"minecraft:follow_range":{"value":1024},"minecraft:health":{"max":2000,"value":2000},"minecraft:jump.static":{},"minecraft:knockback_resistance":{"value":1},"minecraft:loot":{"table":""},"minecraft:movement":{"value":0.5},"minecraft:movement.basic":{},"minecraft:nameable":{"allowNameTagRenaming":false,"alwaysShow":false},"minecraft:navigation.walk":{"avoid_water":false,"can_open_doors":false,"can_pass_doors":false,"can_path_over_water":false},"minecraft:physics":{},"minecraft:scale":{"max":1,"value":1},"minecraft:type_family":{"family":["rake","creepypasta"]},"minecraft:variant":{"value":0}},"description":{"identifier":"vuongnhat:rake","is_experimental":false,"is_spawnable":true,"is_summonable":true}}}