{
  "resource_pack_name": "vanilla",
  "texture_name": "atlas.items",
  "texture_data": {
    "chainsaw": {
      "textures": "textures/items/chainsaw"
},
    "box": {
      "textures": "textures/items/box"

},
    "aheno_sword": {
      "textures": "textures/items/aheno_sword"
},
    "camera": {
      "textures": "textures/items/camera"
},
    "human_flesh": {
      "textures": "textures/items/human_flesh"
},
    "bonk_mask": {
      "textures": "textures/items/bonk_mask"
    },
    "bonk_mask1": {
      "textures": "textures/items/bonk_mask"
    },
    "nomad_petrol": {
      "textures": "textures/items/nomad_petrol"
    },
    "bowl": {
      "textures": "textures/items/special_bowl"
    },
    "victim": {
      "textures": "textures/items/victim"
    },
    "flesh_village": {
      "textures": "textures/items/flesh_village"
    }
  }
}