{
  "format_version": "1.10.0",
  "minecraft:attachable": {
    "description": {
      "identifier": "cka:bonk_mask.armor_stand",
      "item": { "cka:bonk_mask": "query.owner_identifier == 'minecraft:armor_stand'" },
      "materials": {
        "default": "armor",
        "enchanted": "armor_enchanted"
      },
      "textures": {
        "default": "textures/entity/bonk_mask",
        "enchanted": "textures/misc/enchanted_item_glint"
      },
      "geometry": {
        "default": "geometry.bonk_mask"
      },
      "scripts": {
        "parent_setup": "variable.helmet_layer_visible = 0.0;"
      },
      "render_controllers": [ "controller.render.armor" ]
    }
  }
}
