{
  "format_version": "1.8.0",
  "minecraft:attachable": {
    "description": {
      "identifier": "cka:bonk_mask1",
      "materials": {
        "default": "armor",
        "enchanted": "armor_enchanted"
      },
      "textures": {
        "default": "textures/entity/bonk_mask",
        "enchanted": "textures/misc/enchanted_item_glint"
      },
      "geometry": {
        "default": "geometry.bonk_mask"
      },
      "render_controllers": [ "controller.render.armor" ]
    }
  }
}
