{
  "format_version": "1.10.0",
  "minecraft:spawn_rules": {
    "description": {
      "identifier": "mr:giant_alex",
      "population_control": "monster"
    },
    "conditions": [
      {
        "minecraft:spawns_underground": {},
        "minecraft:spawns_on_surface": {},
        "minecraft:brightness_filter": {
          "min": 0.0,
          "max": 7.0,
          "adjust_for_weather": false
        },
        "minecraft:weight": {
          "default": 1
        },
        "minecraft:herd": {
          "min_size": 1,
          "max_size": 1
        },
        "minecraft:density_limit": {
          "surface": 8,
          "underground": 8
        },
        "minecraft:biome_filter": [
          {
            "any_of": [
              {
                "test": "has_biome_tag",
                "operator": "==",
                "value": "overworld"
              },
              {
                "test": "has_biome_tag",
                "operator": "==",
                "value": "swampland"
              },
              {
                "test": "has_biome_tag",
                "operator": "==",
                "value": "swampland_mutated"
              },
              {
                "test": "has_biome_tag",
                "operator": "==",
                "value": "deep"
              },
              {
                "test": "has_biome_tag",
                "operator": "==",
                "value": "edge"
              },
              {
                "test": "has_biome_tag",
                "operator": "==",
                "value": "frozen"
              },
              {
                "test": "has_biome_tag",
                "operator": "==",
                "value": "hills"
              },
              {
                "test": "has_biome_tag",
                "operator": "==",
                "value": "ice"
              },
              {
                "test": "has_biome_tag",
                "operator": "==",
                "value": "lukewarm"
              },
              {
                "test": "has_biome_tag",
                "operator": "==",
                "value": "mega"
              },
              {
                "test": "has_biome_tag",
                "operator": "==",
                "value": "mountain"
              },
              {
                "test": "has_biome_tag",
                "operator": "==",
                "value": "mutated"
              },
              {
                "test": "has_biome_tag",
                "operator": "==",
                "value": "plateau"
              },
              {
                "test": "has_biome_tag",
                "operator": "==",
                "value": "rare"
              },
              {
                "test": "has_biome_tag",
                "operator": "==",
                "value": "roofed"
              },
              {
                "test": "has_biome_tag",
                "operator": "==",
                "value": "shore"
              }
            ]
          }
        ]
      },
      {
        "minecraft:spawns_underground": {},
        "minecraft:brightness_filter": {
          "min": 1,
          "max": 15,
          "adjust_for_weather": false
        },
        "minecraft:weight": {
          "default": 1
        },
        "minecraft:herd": {
          "min_size": 1,
          "max_size": 1
        },
        "minecraft:density_limit": {
          "surface": 8,
          "underground": 8
        },
        "minecraft:biome_filter": [
          {
            "any_of": [
              {
                "test": "has_biome_tag",
                "operator": "==",
                "value": "overworld"
              },
              {
                "test": "has_biome_tag",
                "operator": "==",
                "value": "swampland"
              },
              {
                "test": "has_biome_tag",
                "operator": "==",
                "value": "swampland_mutated"
              },
              {
                "test": "has_biome_tag",
                "operator": "==",
                "value": "deep"
              },
              {
                "test": "has_biome_tag",
                "operator": "==",
                "value": "edge"
              },
              {
                "test": "has_biome_tag",
                "operator": "==",
                "value": "frozen"
              },
              {
                "test": "has_biome_tag",
                "operator": "==",
                "value": "hills"
              },
              {
                "test": "has_biome_tag",
                "operator": "==",
                "value": "ice"
              },
              {
                "test": "has_biome_tag",
                "operator": "==",
                "value": "lukewarm"
              },
              {
                "test": "has_biome_tag",
                "operator": "==",
                "value": "mega"
              },
              {
                "test": "has_biome_tag",
                "operator": "==",
                "value": "mountain"
              },
              {
                "test": "has_biome_tag",
                "operator": "==",
                "value": "mutated"
              },
              {
                "test": "has_biome_tag",
                "operator": "==",
                "value": "plateau"
              },
              {
                "test": "has_biome_tag",
                "operator": "==",
                "value": "rare"
              },
              {
                "test": "has_biome_tag",
                "operator": "==",
                "value": "roofed"
              },
              {
                "test": "has_biome_tag",
                "operator": "==",
                "value": "shore"
              }
            ]
          }
        ]
      }
    ]
  }
}