{
	"format_version": "1.12.0",
	"minecraft:geometry": [
		{
			"description": {
				"identifier": "geometry.jane",
				"texture_width": 128,
				"texture_height": 128,
				"visible_bounds_width": 3,
				"visible_bounds_height": 3.5,
				"visible_bounds_offset": [0, 1.25, 0]
			},
			"bones": [
				{
					"name": "head",
					"pivot": [0, 24, 0],
					"mirror": true,
					"cubes": [
						{"origin": [-4, 24, -4], "size": [8, 8, 8], "uv": [32, 20], "mirror": false},
						{"origin": [-4, 24, -4], "size": [8, 8, 8], "inflate": 0.4, "uv": [0, 28], "mirror": false},
						{"origin": [-11.4, 5.6, 4.4], "size": [22.8, 18, 0], "uv": [0, 0], "mirror": false}
					]
				},
				{
					"name": "body",
					"pivot": [0, 24, 0],
					"mirror": true,
					"cubes": [
						{"origin": [-4, 12, -2], "size": [8, 12, 4], "uv": [0, 44], "mirror": false},
						{"origin": [-5, 11, -3], "size": [10, 1, 6], "uv": [38, 12], "mirror": false},
						{"origin": [-6, 8, -4], "size": [12, 2, 8], "uv": [0, 18], "mirror": false},
						{"origin": [-5.5, 10, -3.5], "size": [11, 1, 7], "uv": [32, 36], "mirror": false},
						{"origin": [-4.5, 12, -2.5], "size": [9, 1, 5], "uv": [44, 0], "mirror": false}
					]
				},
				{
					"name": "leftArm",
					"pivot": [-5, 22, 0],
					"mirror": true,
					"cubes": [
						{"origin": [-8, 12, -2], "size": [4, 12, 4], "uv": [0, 60], "mirror": false}
					]
				},
				{
					"name": "rightArm",
					"pivot": [5, 22, 0],
					"mirror": true,
					"cubes": [
						{"origin": [4, 12, -2], "size": [4, 12, 4], "uv": [56, 44], "mirror": false}
					]
				},
				{
					"name": "leftLeg",
					"pivot": [-1.9, 12, 0],
					"mirror": true,
					"cubes": [
						{"origin": [-3.9, 0, -2], "size": [4, 12, 4], "uv": [40, 44], "mirror": false}
					]
				},
				{
					"name": "rightLeg",
					"pivot": [1.9, 12, 0],
					"mirror": true,
					"cubes": [
						{"origin": [-0.1, 0, -2], "size": [4, 12, 4], "uv": [24, 44], "mirror": false}
					]
				},
				{
					"name": "body2",
					"pivot": [0, 24, -4],
					"mirror": true
				},
				{
					"name": "body3",
					"pivot": [0, 24, -4],
					"mirror": true
				}
			]
		}
	]
}