{
	"format_version": "1.12.0",
	"minecraft:geometry": [
		{
			"description": {
				"identifier": "geometry.laughing_jack",
				"texture_width": 128,
				"texture_height": 128,
				"visible_bounds_width": 3,
				"visible_bounds_height": 4,
				"visible_bounds_offset": [0, 2, 0]
			},
			"bones": [
				{
					"name": "rightLeg",
					"pivot": [0, 16, 0],
					"reset": true,
					"cubes": [
						{"origin": [-5, 0, -2.5], "size": [5, 17, 5], "uv": [20, 42]}
					]
				},
				{
					"name": "body",
					"pivot": [0, 17, 0],
					"reset": true,
					"cubes": [
						{"origin": [-5, 17, -3], "size": [10, 16, 6], "uv": [0, 0]}
					]
				},
				{
					"name": "head",
					"parent": "body",
					"pivot": [0, 33, 0],
					"cubes": [
						{"origin": [-4, 37, -4], "size": [8, 4, 8], "inflate": 0.5, "uv": [24, 30]}
					]
				},
				{
					"name": "hat",
					"parent": "head",
					"pivot": [0, 42, 0],
					"reset": true,
					"cubes": [
						{"origin": [-4, 33, -4], "size": [8, 8, 8], "uv": [0, 22]},
						{"origin": [-0.5, 35, -6], "size": [1, 1, 2], "uv": [0, 0]}
					]
				},
				{
					"name": "rightArm",
					"parent": "body",
					"pivot": [-5, 32, 0],
					"reset": true,
					"mirror": true,
					"cubes": [
						{"origin": [-9, 14, -2], "size": [4, 19, 4], "uv": [56, 24], "mirror": false}
					]
				},
				{
					"name": "leftArm",
					"parent": "body",
					"pivot": [5, 32, 0],
					"reset": true,
					"mirror": true,
					"cubes": [
						{"origin": [5, 14, -2], "size": [4, 19, 4], "uv": [40, 42], "mirror": false}
					]
				},
				{
					"name": "vai",
					"parent": "body",
					"pivot": [0, 17, 0],
					"cubes": [
						{"origin": [-11, 29, -3], "size": [7, 5, 6], "inflate": 0.02, "uv": [52, 5]},
						{"origin": [4, 29, -3], "size": [7, 5, 6], "inflate": 0.02, "uv": [32, 0]},
						{"origin": [-5, 28, -3], "size": [10, 6, 6], "inflate": 0.01, "uv": [26, 16]}
					]
				},
				{
					"name": "leftLeg",
					"pivot": [0, 16, 0],
					"reset": true,
					"cubes": [
						{"origin": [0, 0, -2.5], "size": [5, 17, 5], "uv": [0, 38]}
					]
				}
			]
		}
	]
}