{
	"format_version": "1.10.0",
	"geometry.slenderman": {
		"texturewidth": 64,
		"textureheight": 64,
		"visible_bounds_width": 2,
		"visible_bounds_height": 4,
		"visible_bounds_offset": [0, 2, 0],
		"bones": [
			{
				"name": "rightLeg",
				"pivot": [-2, 30, 0],
				"reset": true,
				"cubes": [
					{"origin": [-3, 0, -1], "size": [2, 30, 2], "uv": [16, 32]}
				]
			},
			{
				"name": "body",
				"pivot": [0, 30, 0],
				"reset": true,
				"cubes": [
					{"origin": [-4, 30, -2], "size": [8, 12, 4], "uv": [32, 0]}
				]
			},
			{
				"name": "head",
				"parent": "body",
				"pivot": [0, 42, 0],
				"cubes": [
					{"origin": [-4, 42, -4], "size": [8, 8, 8], "uv": [0, 0]}
				]
			},
			{
				"name": "hat",
				"parent": "head",
				"pivot": [0, 42, 0],
				"reset": true,
				"cubes": [
					{"origin": [-4, 42, -4], "size": [8, 8, 8], "uv": [0, 16], "inflate": -0.5}
				]
			},
			{
				"name": "rightArm",
				"parent": "body",
				"pivot": [-5, 41, 0],
				"reset": true,
				"mirror": true,
				"cubes": [
					{"origin": [-6, 12, -1], "size": [2, 30, 2], "uv": [8, 32], "mirror": false}
				]
			},
			{
				"name": "leftArm",
				"parent": "body",
				"pivot": [5, 41, 0],
				"reset": true,
				"mirror": true,
				"cubes": [
					{"origin": [4, 12, -1], "size": [2, 30, 2], "uv": [0, 32], "mirror": false}
				]
			},
			{
				"name": "leftLeg",
				"pivot": [2, 30, 0],
				"reset": true,
				"cubes": [
					{"origin": [1, 0, -1], "size": [2, 30, 2], "uv": [30, 30]}
				]
			}
		]
	}
}