{
  "format_version": "1.10.0",
  "animation_controllers": {
    "controller.animation.john.general": {
      "states": {
        "default": {
          "animations": [
            "john_general",
            "look_at_target"
          ]
        }
      }
    },
    "controller.animation.john.move": {
      "states": {
        "default": {
          "animations": [
            {
              "moving": "query.modified_move_speed"
            }
          ]
        }
      }
    },
    "controller.animation.john.attack": {
      "states": {
        "default": {
          "transitions": [
            {
              "attack": "variable.attack>0"
            }
          ],
          "blend_transition": 0.2
        },
        "attack": {
          "animations": [
            "attacking"
          ],
          "transitions": [
            {
              "default": "query.all_animations_finished"
            }
          ],
          "blend_transition": 0.2
        }
      }
    }
  }
}
