{
	"format_version": "1.8.0",
	"animations": {
		"animation.ahenobarbus.walk": {
			"loop": true,
			"animation_length": 0.8833,
			"bones": {
				"left_leg": {
					"rotation": {
						"0.0": [-5, 0, 0],
						"0.0333": [-10, 0, 0],
						"0.0833": [-15, 0, 0],
						"0.1167": [-20, 0, 0],
						"0.1667": [-25, 0, 0],
						"0.2": [-30, 0, 0],
						"0.2333": [-25, 0, 0],
						"0.2833": [-20, 0, 0],
						"0.3167": [-15, 0, 0],
						"0.3667": [-10, 0, 0],
						"0.4": [-5, 0, 0],
						"0.4333": [0, 0, 0],
						"0.4833": [5, 0, 0],
						"0.5167": [10, 0, 0],
						"0.5667": [15, 0, 0],
						"0.6": [20, 0, 0],
						"0.6333": [25, 0, 0],
						"0.6833": [30, 0, 0],
						"0.7167": [25, 0, 0],
						"0.7667": [20, 0, 0],
						"0.8": [15, 0, 0],
						"0.8333": [10, 0, 0],
						"0.8833": [5, 0, 0]
					}
				},
				"right_leg": {
					"rotation": {
						"0.0": [5, 0, 0],
						"0.0333": [10, 0, 0],
						"0.0833": [15, 0, 0],
						"0.1167": [20, 0, 0],
						"0.1667": [25, 0, 0],
						"0.2": [30, 0, 0],
						"0.2333": [25, 0, 0],
						"0.2833": [20, 0, 0],
						"0.3167": [15, 0, 0],
						"0.3667": [10, 0, 0],
						"0.4": [5, 0, 0],
						"0.4333": [0, 0, 0],
						"0.4833": [-5, 0, 0],
						"0.5167": [-10, 0, 0],
						"0.5667": [-15, 0, 0],
						"0.6": [-20, 0, 0],
						"0.6333": [-25, 0, 0],
						"0.6833": [-30, 0, 0],
						"0.7167": [-25, 0, 0],
						"0.7667": [-20, 0, 0],
						"0.8": [-15, 0, 0],
						"0.8333": [-10, 0, 0],
						"0.8833": [-5, 0, 0]
					}
				},
				"left_arm": {
					"rotation": {
						"0.0": [5, 0, 0],
						"0.0333": [10, 0, 0],
						"0.0833": [15, 0, 0],
						"0.1167": [20, 0, 0],
						"0.1667": [25, 0, 0],
						"0.2": [30, 0, 0],
						"0.2333": [25, 0, 0],
						"0.2833": [20, 0, 0],
						"0.3167": [15, 0, 0],
						"0.3667": [10, 0, 0],
						"0.4": [5, 0, 0],
						"0.4333": [0, 0, 0],
						"0.4833": [-5, 0, 0],
						"0.5167": [-10, 0, 0],
						"0.5667": [-15, 0, 0],
						"0.6": [-20, 0, 0],
						"0.6333": [-25, 0, 0],
						"0.6833": [-30, 0, 0],
						"0.7167": [-25, 0, 0],
						"0.7667": [-20, 0, 0],
						"0.8": [-15, 0, 0],
						"0.8333": [-10, 0, 0],
						"0.8833": [-5, 0, 0]
					}
				},
				"right_arm": {
					"rotation": {
						"0.0": [-5, 0, 0],
						"0.0333": [-10, 0, 0],
						"0.0833": [-15, 0, 0],
						"0.1167": [-20, 0, 0],
						"0.1667": [-25, 0, 0],
						"0.2": [-30, 0, 0],
						"0.2333": [-25, 0, 0],
						"0.2833": [-20, 0, 0],
						"0.3167": [-15, 0, 0],
						"0.3667": [-10, 0, 0],
						"0.4": [-5, 0, 0],
						"0.4333": [0, 0, 0],
						"0.4833": [5, 0, 0],
						"0.5167": [10, 0, 0],
						"0.5667": [15, 0, 0],
						"0.6": [20, 0, 0],
						"0.6333": [25, 0, 0],
						"0.6833": [30, 0, 0],
						"0.7167": [25, 0, 0],
						"0.7667": [20, 0, 0],
						"0.8": [15, 0, 0],
						"0.8333": [10, 0, 0],
						"0.8833": [5, 0, 0]
					}
				}
			}
		},
		"animation.ahenobarbus.attack": {
			"loop": true,
			"animation_length": 0.64,
			"bones": {
				"left_arm": {
					"rotation": {
						"0.0": [45, 45, 0],
						"0.0333": [45, 40, 0],
						"0.0833": [45, 35, 0],
						"0.1167": [45, 30, 0],
						"0.1667": [45, 25, 0],
						"0.2": [45, 20, 0],
						"0.2333": [45, 15, 0],
						"0.2833": [45, 10, 0],
						"0.3167": [45, 5, 0],
						"0.3667": [45, 0, 0],
						"0.4": [45, -5, 0],
						"0.4333": [45, -10, 0],
						"0.4833": [45, -15, 0],
						"0.5167": [45, -20, 0],
						"0.5667": [45, -25, 0],
						"0.6": [45, -30, 0],
						"0.6333": [45, -35, 0]
					}
				}
			}
		}
	}
}