{
	"format_version": "1.8.0",
	"animations": {
		"animation.sadly_happy_crash.walk": {
			"loop": true,
			"animation_length": 1.08,
			"bones": {
				"left_leg": {
					"rotation": {
						"0.0": [-12.5, 0, 0],
						"0.24": [-35, 0, 0],
						"0.48": [12.5, 0, 0],
						"0.8": [35, 0, 0],
						"1.04": [-12.5, 0, 0]
					}
				},
				"right_leg": {
					"rotation": {
						"0.0": [12.5, 0, 0],
						"0.28": [37.5, 0, 0],
						"0.56": [-12.5, 0, 0],
						"0.84": [-37.5, 0, 0],
						"1.08": [12.5, 0, 0]
					}
				},
				"right_arm": {
					"rotation": {
						"0.0": [0, 0, 32.5],
						"0.28": [0, 0, 67.5],
						"0.56": [0, 0, 35],
						"0.84": [0, 0, 80],
						"1.08": [0, 0, 32.5]
					}
				},
				"left_arm": {
					"rotation": {
						"0.0": [0, 0, -22.5],
						"0.28": [0, 0, -72.5],
						"0.56": [0, 0, -35],
						"0.84": [0, 0, -75],
						"1.08": [0, 0, -22.5]
					}
				}
			}
		}
	}
}