{
    "format_version": "1.8.0",
    "render_controllers": {
		"controller.render.bonk_watch": {
            "geometry": "Geometry.bonk_watch",
            "materials": [{
                    "*": "Material.bonk_watch"
                }
            ],
            "textures": ["Texture.bonk_watch"],
            "part_visibility": [{
                    "*": "query.get_equipped_item_name=='bonk_mask'"
                }
            ]
        },
		"controller.render.bonk_watch.third_person": {
            "geometry": "Geometry.bonk_watch",
            "materials": [{
                    "*": "Material.bonk_watch"
                }
            ],
            "textures": ["Texture.bonk_watch"],
            "part_visibility": [{
                    "*": "query.get_equipped_item_name=='bonk_mask'"
                }
            ]
        },
        "controller.render.bonk_watch.first_person": {
            "geometry": "Geometry.bonk_watch",
            "materials": [{
                    "*": "Material.bonk_watch"
                }
            ],
            "textures": ["Texture.bonk_watch"],
            "part_visibility": [{
                    "*": "query.get_equipped_item_name=='bonk_mask'"
                }
            ]
        }
    }
}